Workbook

Sheet 📋 Thông Tin
A1: ✦ JULES STUDIO
A2: Thiết kế Website — Trải nghiệm tạo nên giá trị
A3: 📧 duynt.7896@gmail.com • 📱 094 982 0369 • 🌐 julesstudio.pages.dev
A5: 📋 THÔNG TIN KHÁCH HÀNG
A6: Ngày báo giá: | C6: Hiệu lực: | D6: 30 ngày
A7: Khách hàng: | C7: Điện thoại:
A8: Email: | C8: Zalo:
A9: Tên website: | C9: Tên miền:
A10: Loại website: | C10: Gói:
A12: 🎨 PHONG CÁCH THIẾT KẾ (chọn 1-2)
A13: STT | B13: Phong cách | C13: Chọn | D13: Mô tả
A14: 1 | B14: Minimalism (Tối giản) | D14: Sạch, nhiều khoảng trống, tập trung nội dung
A15: 2 | B15: Exaggerated Minimalism | D15: Tối giản mạnh mẽ, chữ to, contrast cao
A16: 3 | B16: Glassmorphism (Kính mờ) | D16: Hiệu ứng kính mờ, backdrop blur, trong suốt
A17: 4 | B17: Neumorphism (Soft UI) | D17: Nổi/lõm nhẹ, pastel, mềm mại
A18: 5 | B18: Neubrutalism | D18: Viền đen đậm, shadow cứng, màu sáng, Gen Z
A19: 6 | B19: Flat Design | D19: 2D, không shadow, màu sắc tươi sáng
A20: 7 | B20: Dark Mode (OLED) | D20: Nền đen, chữ sáng, tiết kiệm pin OLED
A21: 8 | B21: Bento Box Grid | D21: Lưới module kiểu Apple, thẻ bo tròn
A22: 9 | B22: Aurora UI | D22: Gradient mượt kiểu cực quang, mesh gradient
A23: 10 | B23: Vibrant & Block-based | D23: Màu neon, block layout, năng động
A24: 11 | B24: Claymorphism | D24: 3D mềm, kiểu đồ chơi, playful
A25: 12 | B25: Motion-Driven | D25: Animation nhiều, scroll effects, parallax
... A36: 23 | B36: Storytelling-Driven | D36: Layout kể chuyện, scroll narrative
A37: 24 | B37: Khác (ghi bên ghi chú)
A39: 📝 YÊU CẦU THIẾT KẾ CHI TIẾT
A40: Màu sắc yêu thích: | B40: VD: xanh navy, vàng gold, trắng...
A41: Font chữ yêu thích: | B41: VD: Montserrat, Playfair Display, Be Vietnam Pro...
A42: Website tham khảo: | B42: Ghi URL website mẫu bạn thích
A43: Tone & Mood: | B43: VD: sang trọng, trẻ trung, chuyên nghiệp, vui tươi...
A44: Logo / Brand guidelines: | B44: Có sẵn logo? Có bộ nhận diện thương hiệu?
A45: Yêu cầu khác:
A47: 📝 GHI CHÚ & ĐIỀU KHOẢN
A48: 1. Báo giá có hiệu lực 30 ngày kể từ ngày lập.
A49: 2. Đặt cọc 40% trước khi bắt đầu. Thanh toán 60% còn lại khi nghiệm thu.
A50: 3. Thời gian tính từ ngày nhận đủ nội dung & tài liệu từ khách hàng.
A51: 4. Nội dung (text, hình ảnh) do khách hàng cung cấp. Hỗ trợ thiết kế banner miễn phí.
A52: 5. Sửa đổi lớn sau khi duyệt thiết kế sẽ phát sinh thêm phí.
A53: 6. Bảo trì miễn phí 1 tháng đầu (fix bug, cập nhật nội dung nhỏ).
A56: ĐẠI DIỆN JULES STUDIO | C56: KHÁCH HÀNG
A60: (Ký, ghi rõ họ tên) | C60: (Ký, ghi rõ họ tên)

Sheet 📊 Bảng Giá
A1: 📊 BẢNG GIÁ THAM KHẢO — JULES STUDIO
A3: STT | B3: Loại Website | C3: Giá từ (VNĐ) | D3: Thời gian | E3: Ghi chú
A4: 1 | B4: Landing Page (1 trang) | C4: 5,000,000 – 8,000,000 | D4: 5 – 7 ngày | E4: Responsive, Form, SEO, FAB
A5: 2 | B5: Website Giới Thiệu (3-6 trang) | C5: 5,000,000 – 12,000,000 | D5: 5 – 12 ngày | E5: Portfolio, Testimonials, Blog
A6: 3 | B6: Website Doanh Nghiệp (5-10 trang) | C6: 8,000,000 – 18,000,000 | D6: 8 – 18 ngày | E6: CMS, Dashboard, SEO nâng cao
A7: 4 | B7: E-commerce | C7: 15,000,000 – 35,000,000 | D7: 15 – 35 ngày | E7: Cart, Payment, Admin, Auth
A8: 5 | B8: Web App (ứng dụng web) | C8: 20,000,000 – 60,000,000+ | D8: 20 – 60 ngày | E8: Auth, CRUD, Dashboard, API
A9: 6 | B9: Booking (đặt lịch) | C9: 10,000,000 – 25,000,000 | D9: 10 – 25 ngày | E9: Calendar, Payment, Admin
A10: 7 | B10: Blog / Tạp Chí | C10: 5,000,000 – 10,000,000 | D10: 5 – 10 ngày | E10: CMS, SEO, Categories
A13: ⚠️ Giá chỉ mang tính tham khảo. Giá chính thức tùy thuộc yêu cầu cụ thể và tính năng được chọn.

Sheet Landing Page
A1: 📋 LANDING PAGE — BẢNG TÍNH NĂNG
A3: STT | B3: Tính năng | C3: Mức độ | D3: Có / Không | E3: Hệ số | F3: Ghi chú
A4: ⚙️ CORE (Trang cơ bản)
A5: 1 | B5: Homepage (hero + sections + CTA) | C5: 🟢 Bắt buộc | D5: =IF(AND('📋 Thông Tin'!$B$10="Landing Page",OR(C5="🟢 Bắt buộc",AND(C5="🟡 Nên có",OR('📋 Thông Tin'!$D$10="Phổ thông (🟢+🟡)",'📋 Thông Tin'!$D$10="Nâng cao (🟢+🟡+⚪)")),AND(C5="⚪ Tùy chọn",'📋 Thông Tin'!$D$10="Nâng cao (🟢+🟡+⚪)"))),"✓ Có","✗ Không") -> ✗ Không | E5: =IF(D5="✓ Có",VLOOKUP(B5,'Hệ Số'!B:C,2,FALSE),0) -> 0
A6: 2 | B6: About Page | C6: ⚪ Tùy chọn | D6: =IF(AND('📋 Thông Tin'!$B$10="Landing Page",OR(C6="🟢 Bắt buộc",AND(C6="🟡 Nên có",OR('📋 Thông Tin'!$D$10="Phổ thông (🟢+🟡)",'📋 Thông Tin'!$D$10="Nâng cao (🟢+🟡+⚪)")),AND(C6="⚪ Tùy chọn",'📋 Thông Tin'!$D$10="Nâng cao (🟢+🟡+⚪)"))),"✓ Có","✗ Không") -> ✗ Không | E6: =IF(D6="✓ Có",VLOOKUP(B6,'Hệ Số'!B:C,2,FALSE),0) -> 0
A7: 3 | B7: Contact Page (form + map + info) | C7: 🟢 Bắt buộc | D7: =IF(AND('📋 Thông Tin'!$B$10="Landing Page",OR(C7="🟢 Bắt buộc",AND(C7="🟡 Nên có",OR('📋 Thông Tin'!$D$10="Phổ thông (🟢+🟡)",'📋 Thông Tin'!$D$10="Nâng cao (🟢+🟡+⚪)")),AND(C7="⚪ Tùy chọn",'📋 Thông Tin'!$D$10="Nâng cao (🟢+🟡+⚪)"))),"✓ Có","✗ Không") -> ✗ Không | E7: =IF(D7="✓ Có",VLOOKUP(B7,'Hệ Số'!B:C,2,FALSE),0) -> 0
A8: 4 | B8: 404 Page | C8: 🟢 Bắt buộc | D8: =IF(AND('📋 Thông Tin'!$B$10="Landing Page",OR(C8="🟢 Bắt buộc",AND(C8="🟡 Nên có",OR('📋 Thông Tin'!$D$10="Phổ thông (🟢+🟡)",'📋 Thông Tin'!$D$10="Nâng cao (🟢+🟡+⚪)")),AND(C8="⚪ Tùy chọn",'📋 Thông Tin'!$D$10="Nâng cao (🟢+🟡+⚪)"))),"✓ Có","✗ Không") -> ✗ Không | E8: =IF(D8="✓ Có",VLOOKUP(B8,'Hệ Số'!B:C,2,FALSE),0) -> 0
A9: 5 | B9: Footer + Header | C9: 🟢 Bắt buộc | D9: =IF(AND('📋 Thông Tin'!$B$10="Landing Page",OR(C9="🟢 Bắt buộc",AND(C9="🟡 Nên có",OR('📋 Thông Tin'!$D$10="Phổ thông (🟢+🟡)",'📋 Thông Tin'!$D$10="Nâng cao (🟢+🟡+⚪)")),AND(C9="⚪ Tùy chọn",'📋 Thông Tin'!$D$10="Nâng cao (🟢+🟡+⚪)"))),"✓ Có","✗ Không") -> ✗ Không | E9: =IF(D9="✓ Có",VLOOKUP(B9,'Hệ Số'!B:C,2,FALSE),0) -> 0 | F9: Responsive nav, logo
A10: 6 | B10: Form liên hệ (gửi email) | C10: 🟢 Bắt buộc | D10: =IF(AND('📋 Thông Tin'!$B$10="Landing Page",OR(C10="🟢 Bắt buộc",AND(C10="🟡 Nên có",OR('📋 Thông Tin'!$D$10="Phổ thông (🟢+🟡)",'📋 Thông Tin'!$D$10="Nâng cao (🟢+🟡+⚪)")),AND(C10="⚪ Tùy chọn",'📋 Thông Tin'!$D$10="Nâng cao (🟢+🟡+⚪)"))),"✓ Có","✗ Không") -> ✗ Không | E10: =IF(D10="✓ Có",VLOOKUP(B10,'Hệ Số'!B:C,2,FALSE),0) -> 0
A11: 7 | B11: FAB (Floating Action Button) | C11: 🟡 Nên có | D11: =IF(AND('📋 Thông Tin'!$B$10="Landing Page",OR(C11="🟢 Bắt buộc",AND(C11="🟡 Nên có",OR('📋 Thông Tin'!$D$10="Phổ thông (🟢+🟡)",'📋 Thông Tin'!$D$10="Nâng cao (🟢+🟡+⚪)")),AND(C11="⚪ Tùy chọn",'📋 Thông Tin'!$D$10="Nâng cao (🟢+🟡+⚪)"))),"✓ Có","✗ Không") -> ✗ Không | E11: =IF(D11="✓ Có",VLOOKUP(B11,'Hệ Số'!B:C,2,FALSE),0) -> 0 | F11: Nút nổi: gọi/Zalo/Messenger
A12: 8 | B12: Google Maps nhúng | C12: ⚪ Tùy chọn | D12: =IF(AND('📋 Thông Tin'!$B$10="Landing Page",OR(C12="🟢 Bắt buộc",AND(C12="🟡 Nên có",OR('📋 Thông Tin'!$D$10="Phổ thông (🟢+🟡)",'📋 Thông Tin'!$D$10="Nâng cao (🟢+🟡+⚪)")),AND(C12="⚪ Tùy chọn",'📋 Thông Tin'!$D$10="Nâng cao (🟢+🟡+⚪)"))),"✓ Có","✗ Không") -> ✗ Không | E12: =IF(D12="✓ Có",VLOOKUP(B12,'Hệ Số'!B:C,2,FALSE),0) -> 0
A13: 9 | B13: Nút gọi điện / Zalo / Messenger | C13: 🟡 Nên có | D13: =IF(AND('📋 Thông Tin'!$B$10="Landing Page",OR(C13="🟢 Bắt buộc",AND(C13="🟡 Nên có",OR('📋 Thông Tin'!$D$10="Phổ thông (🟢+🟡)",'📋 Thông Tin'!$D$10="Nâng cao (🟢+🟡+⚪)")),AND(C13="⚪ Tùy chọn",'📋 Thông Tin'!$D$10="Nâng cao (🟢+🟡+⚪)"))),"✓ Có","✗ Không") -> ✗ Không | E13: =IF(D13="✓ Có",VLOOKUP(B13,'Hệ Số'!B:C,2,FALSE),0) -> 0 | F13: Nếu không dùng FAB
A14: 📝 NỘI DUNG
A15: 10 | B15: Portfolio/Gallery Grid | C15: 🟡 Nên có | D15: =IF(AND('📋 Thông Tin'!$B$10="Landing Page",OR(C15="🟢 Bắt buộc",AND(C15="🟡 Nên có",OR('📋 Thông Tin'!$D$10="Phổ thông (🟢+🟡)",'📋 Thông Tin'!$D$10="Nâng cao (🟢+🟡+⚪)")),AND(C15="⚪ Tùy chọn",'📋 Thông Tin'!$D$10="Nâng cao (🟢+🟡+⚪)"))),"✓ Có","✗ Không") -> ✗ Không | E15: =IF(D15="✓ Có",VLOOKUP(B15,'Hệ Số'!B:C,2,FALSE),0) -> 0 | F15: Lưới dự án/album ảnh
A16: 11 | B16: Portfolio Detail | C16: ⚪ Tùy chọn | D16: =IF(AND('📋 Thông Tin'!$B$10="Landing Page",OR(C16="🟢 Bắt buộc",AND(C16="🟡 Nên có",OR('📋 Thông Tin'!$D$10="Phổ thông (🟢+🟡)",'📋 Thông Tin'!$D$10="Nâng cao (🟢+🟡+⚪)")),AND(C16="⚪ Tùy chọn",'📋 Thông Tin'!$D$10="Nâng cao (🟢+🟡+⚪)"))),"✓ Có","✗ Không") -> ✗ Không | E16: =IF(D16="✓ Có",VLOOKUP(B16,'Hệ Số'!B:C,2,FALSE),0) -> 0 | F16: Chi tiết dự án
A17: 12 | B17: Blog List + Detail | C17: ⚪ Tùy chọn | D17: =IF(AND('📋 Thông Tin'!$B$10="Landing Page",OR(C17="🟢 Bắt buộc",AND(C17="🟡 Nên có",OR('📋 Thông Tin'!$D$10="Phổ thông (🟢+🟡)",'📋 Thông Tin'!$D$10="Nâng cao (🟢+🟡+⚪)")),AND(C17="⚪ Tùy chọn",'📋 Thông Tin'!$D$10="Nâng cao (🟢+🟡+⚪)"))),"✓ Có","✗ Không") -> ✗ Không | E17: =IF(D17="✓ Có",VLOOKUP(B17,'Hệ Số'!B:C,2,FALSE),0) -> 0 | F17: Bài viết + phân loại + tag
A18: 13 | B18: FAQ Page | C18: ⚪ Tùy chọn | D18: =IF(AND('📋 Thông Tin'!$B$10="Landing Page",OR(C18="🟢 Bắt buộc",AND(C18="🟡 Nên có",OR('📋 Thông Tin'!$D$10="Phổ thông (🟢+🟡)",'📋 Thông Tin'!$D$10="Nâng cao (🟢+🟡+⚪)")),AND(C18="⚪ Tùy chọn",'📋 Thông Tin'!$D$10="Nâng cao (🟢+🟡+⚪)"))),"✓ Có","✗ Không") -> ✗ Không | E18: =IF(D18="✓ Có",VLOOKUP(B18,'Hệ Số'!B:C,2,FALSE),0) -> 0 | F18: Accordion Q&A
A19: 14 | B19: Testimonials Section | C19: 🟡 Nên có | D19: =IF(AND('📋 Thông Tin'!$B$10="Landing Page",OR(C19="🟢 Bắt buộc",AND(C19="🟡 Nên có",OR('📋 Thông Tin'!$D$10="Phổ thông (🟢+🟡)",'📋 Thông Tin'!$D$10="Nâng cao (🟢+🟡+⚪)")),AND(C19="⚪ Tùy chọn",'📋 Thông Tin'!$D$10="Nâng cao (🟢+🟡+⚪)"))),"✓ Có","✗ Không") -> ✗ Không | E19: =IF(D19="✓ Có",VLOOKUP(B19,'Hệ Số'!B:C,2,FALSE),0) -> 0 | F19: Đánh giá khách hàng
A20: 15 | B20: Video nhúng (YouTube, Vimeo) | C20: ⚪ Tùy chọn | D20: =IF(AND('📋 Thông Tin'!$B$10="Landing Page",OR(C20="🟢 Bắt buộc",AND(C20="🟡 Nên có",OR('📋 Thông Tin'!$D$10="Phổ thông (🟢+🟡)",'📋 Thông Tin'!$D$10="Nâng cao (🟢+🟡+⚪)")),AND(C20="⚪ Tùy chọn",'📋 Thông Tin'!$D$10="Nâng cao (🟢+🟡+⚪)"))),"✓ Có","✗ Không") -> ✗ Không | E20: =IF(D20="✓ Có",VLOOKUP(B20,'Hệ Số'!B:C,2,FALSE),0) -> 0
A21: 16 | B21: Banner / Slider quản lý | C21: ⚪ Tùy chọn | D21: =IF(AND('📋 Thông Tin'!$B$10="Landing Page",OR(C21="🟢 Bắt buộc",AND(C21="🟡 Nên có",OR('📋 Thông Tin'!$D$10="Phổ thông (🟢+🟡)",'📋 Thông Tin'!$D$10="Nâng cao (🟢+🟡+⚪)")),AND(C21="⚪ Tùy chọn",'📋 Thông Tin'!$D$10="Nâng cao (🟢+🟡+⚪)"))),"✓ Có","✗ Không") -> ✗ Không | E21: =IF(D21="✓ Có",VLOOKUP(B21,'Hệ Số'!B:C,2,FALSE),0) -> 0 | F21: Admin quản lý banner
A22: 🛒 BOOKING & THƯƠNG MẠI
A23: 17 | B23: Booking Form (đơn giản) | C23: ⚪ Tùy chọn | D23: =IF(AND('📋 Thông Tin'!$B$10="Landing Page",OR(C23="🟢 Bắt buộc",AND(C23="🟡 Nên có",OR('📋 Thông Tin'!$D$10="Phổ thông (🟢+🟡)",'📋 Thông Tin'!$D$10="Nâng cao (🟢+🟡+⚪)")),AND(C23="⚪ Tùy chọn",'📋 Thông Tin'!$D$10="Nâng cao (🟢+🟡+⚪)"))),"✓ Có","✗ Không") -> ✗ Không | E23: =IF(D23="✓ Có",VLOOKUP(B23,'Hệ Số'!B:C,2,FALSE),0) -> 0 | F23: Form đặt lịch cơ bản
A24: 📊 ADMIN & QUẢN TRỊ
A25: 18 | B25: Dashboard Admin (CRUD cơ bản) | C25: ⚪ Tùy chọn | D25: =IF(AND('📋 Thông Tin'!$B$10="Landing Page",OR(C25="🟢 Bắt buộc",AND(C25="🟡 Nên có",OR('📋 Thông Tin'!$D$10="Phổ thông (🟢+🟡)",'📋 Thông Tin'!$D$10="Nâng cao (🟢+🟡+⚪)")),AND(C25="⚪ Tùy chọn",'📋 Thông Tin'!$D$10="Nâng cao (🟢+🟡+⚪)"))),"✓ Có","✗ Không") -> ✗ Không | E25: =IF(D25="✓ Có",VLOOKUP(B25,'Hệ Số'!B:C,2,FALSE),0) -> 0 | F25: Quản lý dữ liệu
A26: 🔔 THÔNG BÁO
A27: 19 | B27: Email notification | C27: 🟡 Nên có | D27: =IF(AND('📋 Thông Tin'!$B$10="Landing Page",OR(C27="🟢 Bắt buộc",AND(C27="🟡 Nên có",OR('📋 Thông Tin'!$D$10="Phổ thông (🟢+🟡)",'📋 Thông Tin'!$D$10="Nâng cao (🟢+🟡+⚪)")),AND(C27="⚪ Tùy chọn",'📋 Thông Tin'!$D$10="Nâng cao (🟢+🟡+⚪)"))),"✓ Có","✗ Không") -> ✗ Không | E27: =IF(D27="✓ Có",VLOOKUP(B27,'Hệ Số'!B:C,2,FALSE),0) -> 0 | F27: SendGrid
A28: 20 | B28: FCM Push Notification | C28: ⚪ Tùy chọn | D28: =IF(AND('📋 Thông Tin'!$B$10="Landing Page",OR(C28="🟢 Bắt buộc",AND(C28="🟡 Nên có",OR('📋 Thông Tin'!$D$10="Phổ thông (🟢+🟡)",'📋 Thông Tin'!$D$10="Nâng cao (🟢+🟡+⚪)")),AND(C28="⚪ Tùy chọn",'📋 Thông Tin'!$D$10="Nâng cao (🟢+🟡+⚪)"))),"✓ Có","✗ Không") -> ✗ Không | E28: =IF(D28="✓ Có",VLOOKUP(B28,'Hệ Số'!B:C,2,FALSE),0) -> 0 | F28: Push trình duyệt
A29: 🔧 KỸ THUẬT
A30: 21 | B30: Responsive (mobile + tablet) | C30: 🟢 Bắt buộc | D30: =IF(AND('📋 Thông Tin'!$B$10="Landing Page",OR(C30="🟢 Bắt buộc",AND(C30="🟡 Nên có",OR('📋 Thông Tin'!$D$10="Phổ thông (🟢+🟡)",'📋 Thông Tin'!$D$10="Nâng cao (🟢+🟡+⚪)")),AND(C30="⚪ Tùy chọn",'📋 Thông Tin'!$D$10="Nâng cao (🟢+🟡+⚪)"))),"✓ Có","✗ Không") -> ✗ Không | E30: =IF(D30="✓ Có",VLOOKUP(B30,'Hệ Số'!B:C,2,FALSE),0) -> 0
A31: 22 | B31: SEO cơ bản (meta, sitemap, robots) | C31: 🟢 Bắt buộc | D31: =IF(AND('📋 Thông Tin'!$B$10="Landing Page",OR(C31="🟢 Bắt buộc",AND(C31="🟡 Nên có",OR('📋 Thông Tin'!$D$10="Phổ thông (🟢+🟡)",'📋 Thông Tin'!$D$10="Nâng cao (🟢+🟡+⚪)")),AND(C31="⚪ Tùy chọn",'📋 Thông Tin'!$D$10="Nâng cao (🟢+🟡+⚪)"))),"✓ Có","✗ Không") -> ✗ Không | E31: =IF(D31="✓ Có",VLOOKUP(B31,'Hệ Số'!B:C,2,FALSE),0) -> 0
A32: 23 | B32: SEO nâng cao (schema markup) | C32: ⚪ Tùy chọn | D32: =IF(AND('📋 Thông Tin'!$B$10="Landing Page",OR(C32="🟢 Bắt buộc",AND(C32="🟡 Nên có",OR('📋 Thông Tin'!$D$10="Phổ thông (🟢+🟡)",'📋 Thông Tin'!$D$10="Nâng cao (🟢+🟡+⚪)")),AND(C32="⚪ Tùy chọn",'📋 Thông Tin'!$D$10="Nâng cao (🟢+🟡+⚪)"))),"✓ Có","✗ Không") -> ✗ Không | E32: =IF(D32="✓ Có",VLOOKUP(B32,'Hệ Số'!B:C,2,FALSE),0) -> 0 | F32: Rich snippets
A33: 24 | B33: Open Graph (share Facebook đẹp) | C33: 🟡 Nên có | D33: =IF(AND('📋 Thông Tin'!$B$10="Landing Page",OR(C33="🟢 Bắt buộc",AND(C33="🟡 Nên có",OR('📋 Thông Tin'!$D$10="Phổ thông (🟢+🟡)",'📋 Thông Tin'!$D$10="Nâng cao (🟢+🟡+⚪)")),AND(C33="⚪ Tùy chọn",'📋 Thông Tin'!$D$10="Nâng cao (🟢+🟡+⚪)"))),"✓ Có","✗ Không") -> ✗ Không | E33: =IF(D33="✓ Có",VLOOKUP(B33,'Hệ Số'!B:C,2,FALSE),0) -> 0
A34: 25 | B34: Google Analytics / Tag Manager | C34: 🟡 Nên có | D34: =IF(AND('📋 Thông Tin'!$B$10="Landing Page",OR(C34="🟢 Bắt buộc",AND(C34="🟡 Nên có",OR('📋 Thông Tin'!$D$10="Phổ thông (🟢+🟡)",'📋 Thông Tin'!$D$10="Nâng cao (🟢+🟡+⚪)")),AND(C34="⚪ Tùy chọn",'📋 Thông Tin'!$D$10="Nâng cao (🟢+🟡+⚪)"))),"✓ Có","✗ Không") -> ✗ Không | E34: =IF(D34="✓ Có",VLOOKUP(B34,'Hệ Số'!B:C,2,FALSE),0) -> 0
A35: 26 | B35: Facebook Pixel | C35: ⚪ Tùy chọn | D35: =IF(AND('📋 Thông Tin'!$B$10="Landing Page",OR(C35="🟢 Bắt buộc",AND(C35="🟡 Nên có",OR('📋 Thông Tin'!$D$10="Phổ thông (🟢+🟡)",'📋 Thông Tin'!$D$10="Nâng cao (🟢+🟡+⚪)")),AND(C35="⚪ Tùy chọn",'📋 Thông Tin'!$D$10="Nâng cao (🟢+🟡+⚪)"))),"✓ Có","✗ Không") -> ✗ Không | E35: =IF(D35="✓ Có",VLOOKUP(B35,'Hệ Số'!B:C,2,FALSE),0) -> 0
A36: 27 | B36: SSL Certificate (HTTPS) | C36: 🟢 Bắt buộc | D36: =IF(AND('📋 Thông Tin'!$B$10="Landing Page",OR(C36="🟢 Bắt buộc",AND(C36="🟡 Nên có",OR('📋 Thông Tin'!$D$10="Phổ thông (🟢+🟡)",'📋 Thông Tin'!$D$10="Nâng cao (🟢+🟡+⚪)")),AND(C36="⚪ Tùy chọn",'📋 Thông Tin'!$D$10="Nâng cao (🟢+🟡+⚪)"))),"✓ Có","✗ Không") -> ✗ Không | E36: =IF(D36="✓ Có",VLOOKUP(B36,'Hệ Số'!B:C,2,FALSE),0) -> 0 | F36: Miễn phí (Cloudflare)
A37: 28 | B37: PWA (offline + install) | C37: ⚪ Tùy chọn | D37: =IF(AND('📋 Thông Tin'!$B$10="Landing Page",OR(C37="🟢 Bắt buộc",AND(C37="🟡 Nên có",OR('📋 Thông Tin'!$D$10="Phổ thông (🟢+🟡)",'📋 Thông Tin'!$D$10="Nâng cao (🟢+🟡+⚪)")),AND(C37="⚪ Tùy chọn",'📋 Thông Tin'!$D$10="Nâng cao (🟢+🟡+⚪)"))),"✓ Có","✗ Không") -> ✗ Không | E37: =IF(D37="✓ Có",VLOOKUP(B37,'Hệ Số'!B:C,2,FALSE),0) -> 0
A38: 29 | B38: Multi-language (i18n) | C38: ⚪ Tùy chọn | D38: =IF(AND('📋 Thông Tin'!$B$10="Landing Page",OR(C38="🟢 Bắt buộc",AND(C38="🟡 Nên có",OR('📋 Thông Tin'!$D$10="Phổ thông (🟢+🟡)",'📋 Thông Tin'!$D$10="Nâng cao (🟢+🟡+⚪)")),AND(C38="⚪ Tùy chọn",'📋 Thông Tin'!$D$10="Nâng cao (🟢+🟡+⚪)"))),"✓ Có","✗ Không") -> ✗ Không | E38: =IF(D38="✓ Có",VLOOKUP(B38,'Hệ Số'!B:C,2,FALSE),0) -> 0 | F38: VI / EN
A39: 30 | B39: Performance optimization | C39: 🟡 Nên có | D39: =IF(AND('📋 Thông Tin'!$B$10="Landing Page",OR(C39="🟢 Bắt buộc",AND(C39="🟡 Nên có",OR('📋 Thông Tin'!$D$10="Phổ thông (🟢+🟡)",'📋 Thông Tin'!$D$10="Nâng cao (🟢+🟡+⚪)")),AND(C39="⚪ Tùy chọn",'📋 Thông Tin'!$D$10="Nâng cao (🟢+🟡+⚪)"))),"✓ Có","✗ Không") -> ✗ Không | E39: =IF(D39="✓ Có",VLOOKUP(B39,'Hệ Số'!B:C,2,FALSE),0) -> 0 | F39: Lighthouse, lazy load
A40: 31 | B40: Schema Markup (Rich Snippets) | C40: ⚪ Tùy chọn | D40: =IF(AND('📋 Thông Tin'!$B$10="Landing Page",OR(C40="🟢 Bắt buộc",AND(C40="🟡 Nên có",OR('📋 Thông Tin'!$D$10="Phổ thông (🟢+🟡)",'📋 Thông Tin'!$D$10="Nâng cao (🟢+🟡+⚪)")),AND(C40="⚪ Tùy chọn",'📋 Thông Tin'!$D$10="Nâng cao (🟢+🟡+⚪)"))),"✓ Có","✗ Không") -> ✗ Không | E40: =IF(D40="✓ Có",VLOOKUP(B40,'Hệ Số'!B:C,2,FALSE),0) -> 0
A41: 🎬 ĐỘ PHỨC TẠP THIẾT KẾ
A42: 32 | B42: GSAP scroll animations | C42: ⚪ Tùy chọn | D42: =IF(AND('📋 Thông Tin'!$B$10="Landing Page",OR(C42="🟢 Bắt buộc",AND(C42="🟡 Nên có",OR('📋 Thông Tin'!$D$10="Phổ thông (🟢+🟡)",'📋 Thông Tin'!$D$10="Nâng cao (🟢+🟡+⚪)")),AND(C42="⚪ Tùy chọn",'📋 Thông Tin'!$D$10="Nâng cao (🟢+🟡+⚪)"))),"✓ Có","✗ Không") -> ✗ Không | E42: =IF(D42="✓ Có",VLOOKUP(B42,'Hệ Số'!B:C,2,FALSE),0) -> 0 | F42: ScrollTrigger, reveal, parallax
A43: 33 | B43: Smooth scroll (Lenis) | C43: ⚪ Tùy chọn | D43: =IF(AND('📋 Thông Tin'!$B$10="Landing Page",OR(C43="🟢 Bắt buộc",AND(C43="🟡 Nên có",OR('📋 Thông Tin'!$D$10="Phổ thông (🟢+🟡)",'📋 Thông Tin'!$D$10="Nâng cao (🟢+🟡+⚪)")),AND(C43="⚪ Tùy chọn",'📋 Thông Tin'!$D$10="Nâng cao (🟢+🟡+⚪)"))),"✓ Có","✗ Không") -> ✗ Không | E43: =IF(D43="✓ Có",VLOOKUP(B43,'Hệ Số'!B:C,2,FALSE),0) -> 0
A44: 34 | B44: Page transitions | C44: ⚪ Tùy chọn | D44: =IF(AND('📋 Thông Tin'!$B$10="Landing Page",OR(C44="🟢 Bắt buộc",AND(C44="🟡 Nên có",OR('📋 Thông Tin'!$D$10="Phổ thông (🟢+🟡)",'📋 Thông Tin'!$D$10="Nâng cao (🟢+🟡+⚪)")),AND(C44="⚪ Tùy chọn",'📋 Thông Tin'!$D$10="Nâng cao (🟢+🟡+⚪)"))),"✓ Có","✗ Không") -> ✗ Không | E44: =IF(D44="✓ Có",VLOOKUP(B44,'Hệ Số'!B:C,2,FALSE),0) -> 0 | F44: Framer Motion
A45: 35 | B45: Micro-interactions | C45: ⚪ Tùy chọn | D45: =IF(AND('📋 Thông Tin'!$B$10="Landing Page",OR(C45="🟢 Bắt buộc",AND(C45="🟡 Nên có",OR('📋 Thông Tin'!$D$10="Phổ thông (🟢+🟡)",'📋 Thông Tin'!$D$10="Nâng cao (🟢+🟡+⚪)")),AND(C45="⚪ Tùy chọn",'📋 Thông Tin'!$D$10="Nâng cao (🟢+🟡+⚪)"))),"✓ Có","✗ Không") -> ✗ Không | E45: =IF(D45="✓ Có",VLOOKUP(B45,'Hệ Số'!B:C,2,FALSE),0) -> 0 | F45: Hover tilt, magnetic cursor
A46: 36 | B46: 3D elements (Three.js) | C46: ⚪ Tùy chọn | D46: =IF(AND('📋 Thông Tin'!$B$10="Landing Page",OR(C46="🟢 Bắt buộc",AND(C46="🟡 Nên có",OR('📋 Thông Tin'!$D$10="Phổ thông (🟢+🟡)",'📋 Thông Tin'!$D$10="Nâng cao (🟢+🟡+⚪)")),AND(C46="⚪ Tùy chọn",'📋 Thông Tin'!$D$10="Nâng cao (🟢+🟡+⚪)"))),"✓ Có","✗ Không") -> ✗ Không | E46: =IF(D46="✓ Có",VLOOKUP(B46,'Hệ Số'!B:C,2,FALSE),0) -> 0 | F46: Product viewer, 3D hero
A47: 37 | B47: Parallax effects | C47: ⚪ Tùy chọn | D47: =IF(AND('📋 Thông Tin'!$B$10="Landing Page",OR(C47="🟢 Bắt buộc",AND(C47="🟡 Nên có",OR('📋 Thông Tin'!$D$10="Phổ thông (🟢+🟡)",'📋 Thông Tin'!$D$10="Nâng cao (🟢+🟡+⚪)")),AND(C47="⚪ Tùy chọn",'📋 Thông Tin'!$D$10="Nâng cao (🟢+🟡+⚪)"))),"✓ Có","✗ Không") -> ✗ Không | E47: =IF(D47="✓ Có",VLOOKUP(B47,'Hệ Số'!B:C,2,FALSE),0) -> 0
A48: 38 | B48: Card/section animations | C48: ⚪ Tùy chọn | D48: =IF(AND('📋 Thông Tin'!$B$10="Landing Page",OR(C48="🟢 Bắt buộc",AND(C48="🟡 Nên có",OR('📋 Thông Tin'!$D$10="Phổ thông (🟢+🟡)",'📋 Thông Tin'!$D$10="Nâng cao (🟢+🟡+⚪)")),AND(C48="⚪ Tùy chọn",'📋 Thông Tin'!$D$10="Nâng cao (🟢+🟡+⚪)"))),"✓ Có","✗ Không") -> ✗ Không | E48: =IF(D48="✓ Có",VLOOKUP(B48,'Hệ Số'!B:C,2,FALSE),0) -> 0 | F48: Fade-in, stagger khi scroll
A49: 39 | B49: Glassmorphism + blur | C49: ⚪ Tùy chọn | D49: =IF(AND('📋 Thông Tin'!$B$10="Landing Page",OR(C49="🟢 Bắt buộc",AND(C49="🟡 Nên có",OR('📋 Thông Tin'!$D$10="Phổ thông (🟢+🟡)",'📋 Thông Tin'!$D$10="Nâng cao (🟢+🟡+⚪)")),AND(C49="⚪ Tùy chọn",'📋 Thông Tin'!$D$10="Nâng cao (🟢+🟡+⚪)"))),"✓ Có","✗ Không") -> ✗ Không | E49: =IF(D49="✓ Có",VLOOKUP(B49,'Hệ Số'!B:C,2,FALSE),0) -> 0
A50: 40 | B50: Dark mode toggle | C50: ⚪ Tùy chọn | D50: =IF(AND('📋 Thông Tin'!$B$10="Landing Page",OR(C50="🟢 Bắt buộc",AND(C50="🟡 Nên có",OR('📋 Thông Tin'!$D$10="Phổ thông (🟢+🟡)",'📋 Thông Tin'!$D$10="Nâng cao (🟢+🟡+⚪)")),AND(C50="⚪ Tùy chọn",'📋 Thông Tin'!$D$10="Nâng cao (🟢+🟡+⚪)"))),"✓ Có","✗ Không") -> ✗ Không | E50: =IF(D50="✓ Có",VLOOKUP(B50,'Hệ Số'!B:C,2,FALSE),0) -> 0
A51: 41 | B51: Custom cursor | C51: ⚪ Tùy chọn | D51: =IF(AND('📋 Thông Tin'!$B$10="Landing Page",OR(C51="🟢 Bắt buộc",AND(C51="🟡 Nên có",OR('📋 Thông Tin'!$D$10="Phổ thông (🟢+🟡)",'📋 Thông Tin'!$D$10="Nâng cao (🟢+🟡+⚪)")),AND(C51="⚪ Tùy chọn",'📋 Thông Tin'!$D$10="Nâng cao (🟢+🟡+⚪)"))),"✓ Có","✗ Không") -> ✗ Không | E51: =IF(D51="✓ Có",VLOOKUP(B51,'Hệ Số'!B:C,2,FALSE),0) -> 0
A52: ✨ NÂNG CAO
A53: 42 | B53: Live Chat (Tawk.to, Crisp) | C53: ⚪ Tùy chọn | D53: =IF(AND('📋 Thông Tin'!$B$10="Landing Page",OR(C53="🟢 Bắt buộc",AND(C53="🟡 Nên có",OR('📋 Thông Tin'!$D$10="Phổ thông (🟢+🟡)",'📋 Thông Tin'!$D$10="Nâng cao (🟢+🟡+⚪)")),AND(C53="⚪ Tùy chọn",'📋 Thông Tin'!$D$10="Nâng cao (🟢+🟡+⚪)"))),"✓ Có","✗ Không") -> ✗ Không | E53: =IF(D53="✓ Có",VLOOKUP(B53,'Hệ Số'!B:C,2,FALSE),0) -> 0 | F53: Embed widget
A54: 43 | B54: AI Chatbot | C54: ⚪ Tùy chọn | D54: =IF(AND('📋 Thông Tin'!$B$10="Landing Page",OR(C54="🟢 Bắt buộc",AND(C54="🟡 Nên có",OR('📋 Thông Tin'!$D$10="Phổ thông (🟢+🟡)",'📋 Thông Tin'!$D$10="Nâng cao (🟢+🟡+⚪)")),AND(C54="⚪ Tùy chọn",'📋 Thông Tin'!$D$10="Nâng cao (🟢+🟡+⚪)"))),"✓ Có","✗ Không") -> ✗ Không | E54: =IF(D54="✓ Có",VLOOKUP(B54,'Hệ Số'!B:C,2,FALSE),0) -> 0
A55: 44 | B55: Multi-step Form (Wizard) | C55: ⚪ Tùy chọn | D55: =IF(AND('📋 Thông Tin'!$B$10="Landing Page",OR(C55="🟢 Bắt buộc",AND(C55="🟡 Nên có",OR('📋 Thông Tin'!$D$10="Phổ thông (🟢+🟡)",'📋 Thông Tin'!$D$10="Nâng cao (🟢+🟡+⚪)")),AND(C55="⚪ Tùy chọn",'📋 Thông Tin'!$D$10="Nâng cao (🟢+🟡+⚪)"))),"✓ Có","✗ Không") -> ✗ Không | E55: =IF(D55="✓ Có",VLOOKUP(B55,'Hệ Số'!B:C,2,FALSE),0) -> 0
A56: 45 | B56: Form đặt hàng / Enquiry nâng cao | C56: ⚪ Tùy chọn | D56: =IF(AND('📋 Thông Tin'!$B$10="Landing Page",OR(C56="🟢 Bắt buộc",AND(C56="🟡 Nên có",OR('📋 Thông Tin'!$D$10="Phổ thông (🟢+🟡)",'📋 Thông Tin'!$D$10="Nâng cao (🟢+🟡+⚪)")),AND(C56="⚪ Tùy chọn",'📋 Thông Tin'!$D$10="Nâng cao (🟢+🟡+⚪)"))),"✓ Có","✗ Không") -> ✗ Không | E56: =IF(D56="✓ Có",VLOOKUP(B56,'Hệ Số'!B:C,2,FALSE),0) -> 0
A59: 💰 TỔNG KẾT TỰ ĐỘNG
A60: 📊 Tổng hệ số (features đã chọn) | E60: =SUM(E5:E56) -> 0
A61: × Hệ số × 1.5 | E61: =E60*1.5 -> 0
A62: 📅 Số ngày (làm tròn lên) | E62: =CEILING(E61/8,1) -> 0
A63: 💰 GIÁ DỰ KIẾN | E63: =E62*1000000 -> 0
A65: 💳 Đặt cọc (40%) | E65: =E63*0.4 -> 0
A66: 💳 Thanh toán nghiệm thu (60%) | E66: =E63*0.6 -> 0
A68: 💡 Chọn Loại website + Gói ở sheet "📋 Thông Tin" → Có/Không tự động theo gói. Có thể ghi đè thủ công.

Sheet Web Giới Thiệu
A1: 📋 WEB GIỚI THIỆU — BẢNG TÍNH NĂNG
A3: STT | B3: Tính năng | C3: Mức độ | D3: Có / Không | E3: Hệ số | F3: Ghi chú
A4: ⚙️ CORE (Trang cơ bản)
A5: 1 | B5: Homepage (hero + sections + CTA) | C5: 🟢 Bắt buộc | D5: =IF(AND('📋 Thông Tin'!$B$10="Web Giới Thiệu",OR(C5="🟢 Bắt buộc",AND(C5="🟡 Nên có",OR('📋 Thông Tin'!$D$10="Phổ thông (🟢+🟡)",'📋 Thông Tin'!$D$10="Nâng cao (🟢+🟡+⚪)")),AND(C5="⚪ Tùy chọn",'📋 Thông Tin'!$D$10="Nâng cao (🟢+🟡+⚪)"))),"✓ Có","✗ Không") -> ✗ Không | E5: =IF(D5="✓ Có",VLOOKUP(B5,'Hệ Số'!B:C,2,FALSE),0) -> 0
A6: 2 | B6: About Page | C6: 🟢 Bắt buộc | D6: =IF(AND('📋 Thông Tin'!$B$10="Web Giới Thiệu",OR(C6="🟢 Bắt buộc",AND(C6="🟡 Nên có",OR('📋 Thông Tin'!$D$10="Phổ thông (🟢+🟡)",'📋 Thông Tin'!$D$10="Nâng cao (🟢+🟡+⚪)")),AND(C6="⚪ Tùy chọn",'📋 Thông Tin'!$D$10="Nâng cao (🟢+🟡+⚪)"))),"✓ Có","✗ Không") -> ✗ Không | E6: =IF(D6="✓ Có",VLOOKUP(B6,'Hệ Số'!B:C,2,FALSE),0) -> 0
A7: 3 | B7: Contact Page (form + map + info) | C7: 🟢 Bắt buộc | D7: =IF(AND('📋 Thông Tin'!$B$10="Web Giới Thiệu",OR(C7="🟢 Bắt buộc",AND(C7="🟡 Nên có",OR('📋 Thông Tin'!$D$10="Phổ thông (🟢+🟡)",'📋 Thông Tin'!$D$10="Nâng cao (🟢+🟡+⚪)")),AND(C7="⚪ Tùy chọn",'📋 Thông Tin'!$D$10="Nâng cao (🟢+🟡+⚪)"))),"✓ Có","✗ Không") -> ✗ Không | E7: =IF(D7="✓ Có",VLOOKUP(B7,'Hệ Số'!B:C,2,FALSE),0) -> 0
A8: 4 | B8: 404 Page | C8: 🟢 Bắt buộc | D8: =IF(AND('📋 Thông Tin'!$B$10="Web Giới Thiệu",OR(C8="🟢 Bắt buộc",AND(C8="🟡 Nên có",OR('📋 Thông Tin'!$D$10="Phổ thông (🟢+🟡)",'📋 Thông Tin'!$D$10="Nâng cao (🟢+🟡+⚪)")),AND(C8="⚪ Tùy chọn",'📋 Thông Tin'!$D$10="Nâng cao (🟢+🟡+⚪)"))),"✓ Có","✗ Không") -> ✗ Không | E8: =IF(D8="✓ Có",VLOOKUP(B8,'Hệ Số'!B:C,2,FALSE),0) -> 0
A9: 5 | B9: Footer + Header | C9: 🟢 Bắt buộc | D9: =IF(AND('📋 Thông Tin'!$B$10="Web Giới Thiệu",OR(C9="🟢 Bắt buộc",AND(C9="🟡 Nên có",OR('📋 Thông Tin'!$D$10="Phổ thông (🟢+🟡)",'📋 Thông Tin'!$D$10="Nâng cao (🟢+🟡+⚪)")),AND(C9="⚪ Tùy chọn",'📋 Thông Tin'!$D$10="Nâng cao (🟢+🟡+⚪)"))),"✓ Có","✗ Không") -> ✗ Không | E9: =IF(D9="✓ Có",VLOOKUP(B9,'Hệ Số'!B:C,2,FALSE),0) -> 0 | F9: Responsive nav, logo
A10: 6 | B10: Form liên hệ (gửi email) | C10: 🟢 Bắt buộc | D10: =IF(AND('📋 Thông Tin'!$B$10="Web Giới Thiệu",OR(C10="🟢 Bắt buộc",AND(C10="🟡 Nên có",OR('📋 Thông Tin'!$D$10="Phổ thông (🟢+🟡)",'📋 Thông Tin'!$D$10="Nâng cao (🟢+🟡+⚪)")),AND(C10="⚪ Tùy chọn",'📋 Thông Tin'!$D$10="Nâng cao (🟢+🟡+⚪)"))),"✓ Có","✗ Không") -> ✗ Không | E10: =IF(D10="✓ Có",VLOOKUP(B10,'Hệ Số'!B:C,2,FALSE),0) -> 0
A11: 7 | B11: FAB (Floating Action Button) | C11: 🟡 Nên có | D11: =IF(AND('📋 Thông Tin'!$B$10="Web Giới Thiệu",OR(C11="🟢 Bắt buộc",AND(C11="🟡 Nên có",OR('📋 Thông Tin'!$D$10="Phổ thông (🟢+🟡)",'📋 Thông Tin'!$D$10="Nâng cao (🟢+🟡+⚪)")),AND(C11="⚪ Tùy chọn",'📋 Thông Tin'!$D$10="Nâng cao (🟢+🟡+⚪)"))),"✓ Có","✗ Không") -> ✗ Không | E11: =IF(D11="✓ Có",VLOOKUP(B11,'Hệ Số'!B:C,2,FALSE),0) -> 0 | F11: Nút nổi: gọi/Zalo/Messenger
A12: 8 | B12: Google Maps nhúng | C12: 🟡 Nên có | D12: =IF(AND('📋 Thông Tin'!$B$10="Web Giới Thiệu",OR(C12="🟢 Bắt buộc",AND(C12="🟡 Nên có",OR('📋 Thông Tin'!$D$10="Phổ thông (🟢+🟡)",'📋 Thông Tin'!$D$10="Nâng cao (🟢+🟡+⚪)")),AND(C12="⚪ Tùy chọn",'📋 Thông Tin'!$D$10="Nâng cao (🟢+🟡+⚪)"))),"✓ Có","✗ Không") -> ✗ Không | E12: =IF(D12="✓ Có",VLOOKUP(B12,'Hệ Số'!B:C,2,FALSE),0) -> 0
A13: 9 | B13: Nút gọi điện / Zalo / Messenger | C13: 🟡 Nên có | D13: =IF(AND('📋 Thông Tin'!$B$10="Web Giới Thiệu",OR(C13="🟢 Bắt buộc",AND(C13="🟡 Nên có",OR('📋 Thông Tin'!$D$10="Phổ thông (🟢+🟡)",'📋 Thông Tin'!$D$10="Nâng cao (🟢+🟡+⚪)")),AND(C13="⚪ Tùy chọn",'📋 Thông Tin'!$D$10="Nâng cao (🟢+🟡+⚪)"))),"✓ Có","✗ Không") -> ✗ Không | E13: =IF(D13="✓ Có",VLOOKUP(B13,'Hệ Số'!B:C,2,FALSE),0) -> 0 | F13: Nếu không dùng FAB
A14: 📝 NỘI DUNG
A15: 10 | B15: Services/Products List | C15: 🟢 Bắt buộc | D15: =IF(AND('📋 Thông Tin'!$B$10="Web Giới Thiệu",OR(C15="🟢 Bắt buộc",AND(C15="🟡 Nên có",OR('📋 Thông Tin'!$D$10="Phổ thông (🟢+🟡)",'📋 Thông Tin'!$D$10="Nâng cao (🟢+🟡+⚪)")),AND(C15="⚪ Tùy chọn",'📋 Thông Tin'!$D$10="Nâng cao (🟢+🟡+⚪)"))),"✓ Có","✗ Không") -> ✗ Không | E15: =IF(D15="✓ Có",VLOOKUP(B15,'Hệ Số'!B:C,2,FALSE),0) -> 0 | F15: Danh sách dịch vụ/sản phẩm
A16: 11 | B16: Service/Product Detail | C16: 🟡 Nên có | D16: =IF(AND('📋 Thông Tin'!$B$10="Web Giới Thiệu",OR(C16="🟢 Bắt buộc",AND(C16="🟡 Nên có",OR('📋 Thông Tin'!$D$10="Phổ thông (🟢+🟡)",'📋 Thông Tin'!$D$10="Nâng cao (🟢+🟡+⚪)")),AND(C16="⚪ Tùy chọn",'📋 Thông Tin'!$D$10="Nâng cao (🟢+🟡+⚪)"))),"✓ Có","✗ Không") -> ✗ Không | E16: =IF(D16="✓ Có",VLOOKUP(B16,'Hệ Số'!B:C,2,FALSE),0) -> 0 | F16: Trang chi tiết
A17: 12 | B17: Portfolio/Gallery Grid | C17: 🟢 Bắt buộc | D17: =IF(AND('📋 Thông Tin'!$B$10="Web Giới Thiệu",OR(C17="🟢 Bắt buộc",AND(C17="🟡 Nên có",OR('📋 Thông Tin'!$D$10="Phổ thông (🟢+🟡)",'📋 Thông Tin'!$D$10="Nâng cao (🟢+🟡+⚪)")),AND(C17="⚪ Tùy chọn",'📋 Thông Tin'!$D$10="Nâng cao (🟢+🟡+⚪)"))),"✓ Có","✗ Không") -> ✗ Không | E17: =IF(D17="✓ Có",VLOOKUP(B17,'Hệ Số'!B:C,2,FALSE),0) -> 0 | F17: Lưới dự án/album ảnh
A18: 13 | B18: Portfolio Detail | C18: 🟡 Nên có | D18: =IF(AND('📋 Thông Tin'!$B$10="Web Giới Thiệu",OR(C18="🟢 Bắt buộc",AND(C18="🟡 Nên có",OR('📋 Thông Tin'!$D$10="Phổ thông (🟢+🟡)",'📋 Thông Tin'!$D$10="Nâng cao (🟢+🟡+⚪)")),AND(C18="⚪ Tùy chọn",'📋 Thông Tin'!$D$10="Nâng cao (🟢+🟡+⚪)"))),"✓ Có","✗ Không") -> ✗ Không | E18: =IF(D18="✓ Có",VLOOKUP(B18,'Hệ Số'!B:C,2,FALSE),0) -> 0 | F18: Chi tiết dự án
A19: 14 | B19: Blog List + Detail | C19: ⚪ Tùy chọn | D19: =IF(AND('📋 Thông Tin'!$B$10="Web Giới Thiệu",OR(C19="🟢 Bắt buộc",AND(C19="🟡 Nên có",OR('📋 Thông Tin'!$D$10="Phổ thông (🟢+🟡)",'📋 Thông Tin'!$D$10="Nâng cao (🟢+🟡+⚪)")),AND(C19="⚪ Tùy chọn",'📋 Thông Tin'!$D$10="Nâng cao (🟢+🟡+⚪)"))),"✓ Có","✗ Không") -> ✗ Không | E19: =IF(D19="✓ Có",VLOOKUP(B19,'Hệ Số'!B:C,2,FALSE),0) -> 0 | F19: Bài viết + phân loại + tag
A20: 15 | B20: FAQ Page | C20: ⚪ Tùy chọn | D20: =IF(AND('📋 Thông Tin'!$B$10="Web Giới Thiệu",OR(C20="🟢 Bắt buộc",AND(C20="🟡 Nên có",OR('📋 Thông Tin'!$D$10="Phổ thông (🟢+🟡)",'📋 Thông Tin'!$D$10="Nâng cao (🟢+🟡+⚪)")),AND(C20="⚪ Tùy chọn",'📋 Thông Tin'!$D$10="Nâng cao (🟢+🟡+⚪)"))),"✓ Có","✗ Không") -> ✗ Không | E20: =IF(D20="✓ Có",VLOOKUP(B20,'Hệ Số'!B:C,2,FALSE),0) -> 0 | F20: Accordion Q&A
A21: 16 | B21: Testimonials Section | C21: 🟡 Nên có | D21: =IF(AND('📋 Thông Tin'!$B$10="Web Giới Thiệu",OR(C21="🟢 Bắt buộc",AND(C21="🟡 Nên có",OR('📋 Thông Tin'!$D$10="Phổ thông (🟢+🟡)",'📋 Thông Tin'!$D$10="Nâng cao (🟢+🟡+⚪)")),AND(C21="⚪ Tùy chọn",'📋 Thông Tin'!$D$10="Nâng cao (🟢+🟡+⚪)"))),"✓ Có","✗ Không") -> ✗ Không | E21: =IF(D21="✓ Có",VLOOKUP(B21,'Hệ Số'!B:C,2,FALSE),0) -> 0 | F21: Đánh giá khách hàng
A22: 17 | B22: Video nhúng (YouTube, Vimeo) | C22: ⚪ Tùy chọn | D22: =IF(AND('📋 Thông Tin'!$B$10="Web Giới Thiệu",OR(C22="🟢 Bắt buộc",AND(C22="🟡 Nên có",OR('📋 Thông Tin'!$D$10="Phổ thông (🟢+🟡)",'📋 Thông Tin'!$D$10="Nâng cao (🟢+🟡+⚪)")),AND(C22="⚪ Tùy chọn",'📋 Thông Tin'!$D$10="Nâng cao (🟢+🟡+⚪)"))),"✓ Có","✗ Không") -> ✗ Không | E22: =IF(D22="✓ Có",VLOOKUP(B22,'Hệ Số'!B:C,2,FALSE),0) -> 0
A23: 18 | B23: Banner / Slider quản lý | C23: ⚪ Tùy chọn | D23: =IF(AND('📋 Thông Tin'!$B$10="Web Giới Thiệu",OR(C23="🟢 Bắt buộc",AND(C23="🟡 Nên có",OR('📋 Thông Tin'!$D$10="Phổ thông (🟢+🟡)",'📋 Thông Tin'!$D$10="Nâng cao (🟢+🟡+⚪)")),AND(C23="⚪ Tùy chọn",'📋 Thông Tin'!$D$10="Nâng cao (🟢+🟡+⚪)"))),"✓ Có","✗ Không") -> ✗ Không | E23: =IF(D23="✓ Có",VLOOKUP(B23,'Hệ Số'!B:C,2,FALSE),0) -> 0 | F23: Admin quản lý banner
A24: 🛒 BOOKING & THƯƠNG MẠI
A25: 19 | B25: Booking Form (đơn giản) | C25: ⚪ Tùy chọn | D25: =IF(AND('📋 Thông Tin'!$B$10="Web Giới Thiệu",OR(C25="🟢 Bắt buộc",AND(C25="🟡 Nên có",OR('📋 Thông Tin'!$D$10="Phổ thông (🟢+🟡)",'📋 Thông Tin'!$D$10="Nâng cao (🟢+🟡+⚪)")),AND(C25="⚪ Tùy chọn",'📋 Thông Tin'!$D$10="Nâng cao (🟢+🟡+⚪)"))),"✓ Có","✗ Không") -> ✗ Không | E25: =IF(D25="✓ Có",VLOOKUP(B25,'Hệ Số'!B:C,2,FALSE),0) -> 0 | F25: Form đặt lịch cơ bản
A26: 📊 ADMIN & QUẢN TRỊ
A27: 20 | B27: Dashboard Admin (CRUD cơ bản) | C27: ⚪ Tùy chọn | D27: =IF(AND('📋 Thông Tin'!$B$10="Web Giới Thiệu",OR(C27="🟢 Bắt buộc",AND(C27="🟡 Nên có",OR('📋 Thông Tin'!$D$10="Phổ thông (🟢+🟡)",'📋 Thông Tin'!$D$10="Nâng cao (🟢+🟡+⚪)")),AND(C27="⚪ Tùy chọn",'📋 Thông Tin'!$D$10="Nâng cao (🟢+🟡+⚪)"))),"✓ Có","✗ Không") -> ✗ Không | E27: =IF(D27="✓ Có",VLOOKUP(B27,'Hệ Số'!B:C,2,FALSE),0) -> 0 | F27: Quản lý dữ liệu
A28: 21 | B28: Site Config Editor | C28: ⚪ Tùy chọn | D28: =IF(AND('📋 Thông Tin'!$B$10="Web Giới Thiệu",OR(C28="🟢 Bắt buộc",AND(C28="🟡 Nên có",OR('📋 Thông Tin'!$D$10="Phổ thông (🟢+🟡)",'📋 Thông Tin'!$D$10="Nâng cao (🟢+🟡+⚪)")),AND(C28="⚪ Tùy chọn",'📋 Thông Tin'!$D$10="Nâng cao (🟢+🟡+⚪)"))),"✓ Có","✗ Không") -> ✗ Không | E28: =IF(D28="✓ Có",VLOOKUP(B28,'Hệ Số'!B:C,2,FALSE),0) -> 0 | F28: Cài đặt hệ thống
A29: 🔐 TÀI KHOẢN & BẢO MẬT
A30: 22 | B30: Login/Register (Firebase Auth) | C30: ⚪ Tùy chọn | D30: =IF(AND('📋 Thông Tin'!$B$10="Web Giới Thiệu",OR(C30="🟢 Bắt buộc",AND(C30="🟡 Nên có",OR('📋 Thông Tin'!$D$10="Phổ thông (🟢+🟡)",'📋 Thông Tin'!$D$10="Nâng cao (🟢+🟡+⚪)")),AND(C30="⚪ Tùy chọn",'📋 Thông Tin'!$D$10="Nâng cao (🟢+🟡+⚪)"))),"✓ Có","✗ Không") -> ✗ Không | E30: =IF(D30="✓ Có",VLOOKUP(B30,'Hệ Số'!B:C,2,FALSE),0) -> 0
A31: 23 | B31: Social Login (Google/Facebook) | C31: ⚪ Tùy chọn | D31: =IF(AND('📋 Thông Tin'!$B$10="Web Giới Thiệu",OR(C31="🟢 Bắt buộc",AND(C31="🟡 Nên có",OR('📋 Thông Tin'!$D$10="Phổ thông (🟢+🟡)",'📋 Thông Tin'!$D$10="Nâng cao (🟢+🟡+⚪)")),AND(C31="⚪ Tùy chọn",'📋 Thông Tin'!$D$10="Nâng cao (🟢+🟡+⚪)"))),"✓ Có","✗ Không") -> ✗ Không | E31: =IF(D31="✓ Có",VLOOKUP(B31,'Hệ Số'!B:C,2,FALSE),0) -> 0 | F31: OAuth2
A32: 🔔 THÔNG BÁO
A33: 24 | B33: Email notification | C33: 🟡 Nên có | D33: =IF(AND('📋 Thông Tin'!$B$10="Web Giới Thiệu",OR(C33="🟢 Bắt buộc",AND(C33="🟡 Nên có",OR('📋 Thông Tin'!$D$10="Phổ thông (🟢+🟡)",'📋 Thông Tin'!$D$10="Nâng cao (🟢+🟡+⚪)")),AND(C33="⚪ Tùy chọn",'📋 Thông Tin'!$D$10="Nâng cao (🟢+🟡+⚪)"))),"✓ Có","✗ Không") -> ✗ Không | E33: =IF(D33="✓ Có",VLOOKUP(B33,'Hệ Số'!B:C,2,FALSE),0) -> 0 | F33: SendGrid
A34: 25 | B34: Admin dashboard notification | C34: ⚪ Tùy chọn | D34: =IF(AND('📋 Thông Tin'!$B$10="Web Giới Thiệu",OR(C34="🟢 Bắt buộc",AND(C34="🟡 Nên có",OR('📋 Thông Tin'!$D$10="Phổ thông (🟢+🟡)",'📋 Thông Tin'!$D$10="Nâng cao (🟢+🟡+⚪)")),AND(C34="⚪ Tùy chọn",'📋 Thông Tin'!$D$10="Nâng cao (🟢+🟡+⚪)"))),"✓ Có","✗ Không") -> ✗ Không | E34: =IF(D34="✓ Có",VLOOKUP(B34,'Hệ Số'!B:C,2,FALSE),0) -> 0 | F34: Chuông thông báo
A35: 26 | B35: FCM Push Notification | C35: ⚪ Tùy chọn | D35: =IF(AND('📋 Thông Tin'!$B$10="Web Giới Thiệu",OR(C35="🟢 Bắt buộc",AND(C35="🟡 Nên có",OR('📋 Thông Tin'!$D$10="Phổ thông (🟢+🟡)",'📋 Thông Tin'!$D$10="Nâng cao (🟢+🟡+⚪)")),AND(C35="⚪ Tùy chọn",'📋 Thông Tin'!$D$10="Nâng cao (🟢+🟡+⚪)"))),"✓ Có","✗ Không") -> ✗ Không | E35: =IF(D35="✓ Có",VLOOKUP(B35,'Hệ Số'!B:C,2,FALSE),0) -> 0 | F35: Push trình duyệt
A36: 🔧 KỸ THUẬT
A37: 27 | B37: Responsive (mobile + tablet) | C37: 🟢 Bắt buộc | D37: =IF(AND('📋 Thông Tin'!$B$10="Web Giới Thiệu",OR(C37="🟢 Bắt buộc",AND(C37="🟡 Nên có",OR('📋 Thông Tin'!$D$10="Phổ thông (🟢+🟡)",'📋 Thông Tin'!$D$10="Nâng cao (🟢+🟡+⚪)")),AND(C37="⚪ Tùy chọn",'📋 Thông Tin'!$D$10="Nâng cao (🟢+🟡+⚪)"))),"✓ Có","✗ Không") -> ✗ Không | E37: =IF(D37="✓ Có",VLOOKUP(B37,'Hệ Số'!B:C,2,FALSE),0) -> 0
A38: 28 | B38: SEO cơ bản (meta, sitemap, robots) | C38: 🟢 Bắt buộc | D38: =IF(AND('📋 Thông Tin'!$B$10="Web Giới Thiệu",OR(C38="🟢 Bắt buộc",AND(C38="🟡 Nên có",OR('📋 Thông Tin'!$D$10="Phổ thông (🟢+🟡)",'📋 Thông Tin'!$D$10="Nâng cao (🟢+🟡+⚪)")),AND(C38="⚪ Tùy chọn",'📋 Thông Tin'!$D$10="Nâng cao (🟢+🟡+⚪)"))),"✓ Có","✗ Không") -> ✗ Không | E38: =IF(D38="✓ Có",VLOOKUP(B38,'Hệ Số'!B:C,2,FALSE),0) -> 0
A39: 29 | B39: SEO nâng cao (schema markup) | C39: ⚪ Tùy chọn | D39: =IF(AND('📋 Thông Tin'!$B$10="Web Giới Thiệu",OR(C39="🟢 Bắt buộc",AND(C39="🟡 Nên có",OR('📋 Thông Tin'!$D$10="Phổ thông (🟢+🟡)",'📋 Thông Tin'!$D$10="Nâng cao (🟢+🟡+⚪)")),AND(C39="⚪ Tùy chọn",'📋 Thông Tin'!$D$10="Nâng cao (🟢+🟡+⚪)"))),"✓ Có","✗ Không") -> ✗ Không | E39: =IF(D39="✓ Có",VLOOKUP(B39,'Hệ Số'!B:C,2,FALSE),0) -> 0 | F39: Rich snippets
A40: 30 | B40: Open Graph (share Facebook đẹp) | C40: 🟡 Nên có | D40: =IF(AND('📋 Thông Tin'!$B$10="Web Giới Thiệu",OR(C40="🟢 Bắt buộc",AND(C40="🟡 Nên có",OR('📋 Thông Tin'!$D$10="Phổ thông (🟢+🟡)",'📋 Thông Tin'!$D$10="Nâng cao (🟢+🟡+⚪)")),AND(C40="⚪ Tùy chọn",'📋 Thông Tin'!$D$10="Nâng cao (🟢+🟡+⚪)"))),"✓ Có","✗ Không") -> ✗ Không | E40: =IF(D40="✓ Có",VLOOKUP(B40,'Hệ Số'!B:C,2,FALSE),0) -> 0
A41: 31 | B41: Google Analytics / Tag Manager | C41: 🟡 Nên có | D41: =IF(AND('📋 Thông Tin'!$B$10="Web Giới Thiệu",OR(C41="🟢 Bắt buộc",AND(C41="🟡 Nên có",OR('📋 Thông Tin'!$D$10="Phổ thông (🟢+🟡)",'📋 Thông Tin'!$D$10="Nâng cao (🟢+🟡+⚪)")),AND(C41="⚪ Tùy chọn",'📋 Thông Tin'!$D$10="Nâng cao (🟢+🟡+⚪)"))),"✓ Có","✗ Không") -> ✗ Không | E41: =IF(D41="✓ Có",VLOOKUP(B41,'Hệ Số'!B:C,2,FALSE),0) -> 0
A42: 32 | B42: Facebook Pixel | C42: ⚪ Tùy chọn | D42: =IF(AND('📋 Thông Tin'!$B$10="Web Giới Thiệu",OR(C42="🟢 Bắt buộc",AND(C42="🟡 Nên có",OR('📋 Thông Tin'!$D$10="Phổ thông (🟢+🟡)",'📋 Thông Tin'!$D$10="Nâng cao (🟢+🟡+⚪)")),AND(C42="⚪ Tùy chọn",'📋 Thông Tin'!$D$10="Nâng cao (🟢+🟡+⚪)"))),"✓ Có","✗ Không") -> ✗ Không | E42: =IF(D42="✓ Có",VLOOKUP(B42,'Hệ Số'!B:C,2,FALSE),0) -> 0
A43: 33 | B43: SSL Certificate (HTTPS) | C43: 🟢 Bắt buộc | D43: =IF(AND('📋 Thông Tin'!$B$10="Web Giới Thiệu",OR(C43="🟢 Bắt buộc",AND(C43="🟡 Nên có",OR('📋 Thông Tin'!$D$10="Phổ thông (🟢+🟡)",'📋 Thông Tin'!$D$10="Nâng cao (🟢+🟡+⚪)")),AND(C43="⚪ Tùy chọn",'📋 Thông Tin'!$D$10="Nâng cao (🟢+🟡+⚪)"))),"✓ Có","✗ Không") -> ✗ Không | E43: =IF(D43="✓ Có",VLOOKUP(B43,'Hệ Số'!B:C,2,FALSE),0) -> 0 | F43: Miễn phí (Cloudflare)
A44: 34 | B44: PWA (offline + install) | C44: ⚪ Tùy chọn | D44: =IF(AND('📋 Thông Tin'!$B$10="Web Giới Thiệu",OR(C44="🟢 Bắt buộc",AND(C44="🟡 Nên có",OR('📋 Thông Tin'!$D$10="Phổ thông (🟢+🟡)",'📋 Thông Tin'!$D$10="Nâng cao (🟢+🟡+⚪)")),AND(C44="⚪ Tùy chọn",'📋 Thông Tin'!$D$10="Nâng cao (🟢+🟡+⚪)"))),"✓ Có","✗ Không") -> ✗ Không | E44: =IF(D44="✓ Có",VLOOKUP(B44,'Hệ Số'!B:C,2,FALSE),0) -> 0
A45: 35 | B45: Multi-language (i18n) | C45: ⚪ Tùy chọn | D45: =IF(AND('📋 Thông Tin'!$B$10="Web Giới Thiệu",OR(C45="🟢 Bắt buộc",AND(C45="🟡 Nên có",OR('📋 Thông Tin'!$D$10="Phổ thông (🟢+🟡)",'📋 Thông Tin'!$D$10="Nâng cao (🟢+🟡+⚪)")),AND(C45="⚪ Tùy chọn",'📋 Thông Tin'!$D$10="Nâng cao (🟢+🟡+⚪)"))),"✓ Có","✗ Không") -> ✗ Không | E45: =IF(D45="✓ Có",VLOOKUP(B45,'Hệ Số'!B:C,2,FALSE),0) -> 0 | F45: VI / EN
A46: 36 | B46: Performance optimization | C46: 🟡 Nên có | D46: =IF(AND('📋 Thông Tin'!$B$10="Web Giới Thiệu",OR(C46="🟢 Bắt buộc",AND(C46="🟡 Nên có",OR('📋 Thông Tin'!$D$10="Phổ thông (🟢+🟡)",'📋 Thông Tin'!$D$10="Nâng cao (🟢+🟡+⚪)")),AND(C46="⚪ Tùy chọn",'📋 Thông Tin'!$D$10="Nâng cao (🟢+🟡+⚪)"))),"✓ Có","✗ Không") -> ✗ Không | E46: =IF(D46="✓ Có",VLOOKUP(B46,'Hệ Số'!B:C,2,FALSE),0) -> 0 | F46: Lighthouse, lazy load
A47: 37 | B47: Schema Markup (Rich Snippets) | C47: ⚪ Tùy chọn | D47: =IF(AND('📋 Thông Tin'!$B$10="Web Giới Thiệu",OR(C47="🟢 Bắt buộc",AND(C47="🟡 Nên có",OR('📋 Thông Tin'!$D$10="Phổ thông (🟢+🟡)",'📋 Thông Tin'!$D$10="Nâng cao (🟢+🟡+⚪)")),AND(C47="⚪ Tùy chọn",'📋 Thông Tin'!$D$10="Nâng cao (🟢+🟡+⚪)"))),"✓ Có","✗ Không") -> ✗ Không | E47: =IF(D47="✓ Có",VLOOKUP(B47,'Hệ Số'!B:C,2,FALSE),0) -> 0
A48: 🎬 ĐỘ PHỨC TẠP THIẾT KẾ
A49: 38 | B49: GSAP scroll animations | C49: ⚪ Tùy chọn | D49: =IF(AND('📋 Thông Tin'!$B$10="Web Giới Thiệu",OR(C49="🟢 Bắt buộc",AND(C49="🟡 Nên có",OR('📋 Thông Tin'!$D$10="Phổ thông (🟢+🟡)",'📋 Thông Tin'!$D$10="Nâng cao (🟢+🟡+⚪)")),AND(C49="⚪ Tùy chọn",'📋 Thông Tin'!$D$10="Nâng cao (🟢+🟡+⚪)"))),"✓ Có","✗ Không") -> ✗ Không | E49: =IF(D49="✓ Có",VLOOKUP(B49,'Hệ Số'!B:C,2,FALSE),0) -> 0 | F49: ScrollTrigger, reveal, parallax
A50: 39 | B50: Smooth scroll (Lenis) | C50: ⚪ Tùy chọn | D50: =IF(AND('📋 Thông Tin'!$B$10="Web Giới Thiệu",OR(C50="🟢 Bắt buộc",AND(C50="🟡 Nên có",OR('📋 Thông Tin'!$D$10="Phổ thông (🟢+🟡)",'📋 Thông Tin'!$D$10="Nâng cao (🟢+🟡+⚪)")),AND(C50="⚪ Tùy chọn",'📋 Thông Tin'!$D$10="Nâng cao (🟢+🟡+⚪)"))),"✓ Có","✗ Không") -> ✗ Không | E50: =IF(D50="✓ Có",VLOOKUP(B50,'Hệ Số'!B:C,2,FALSE),0) -> 0
A51: 40 | B51: Page transitions | C51: ⚪ Tùy chọn | D51: =IF(AND('📋 Thông Tin'!$B$10="Web Giới Thiệu",OR(C51="🟢 Bắt buộc",AND(C51="🟡 Nên có",OR('📋 Thông Tin'!$D$10="Phổ thông (🟢+🟡)",'📋 Thông Tin'!$D$10="Nâng cao (🟢+🟡+⚪)")),AND(C51="⚪ Tùy chọn",'📋 Thông Tin'!$D$10="Nâng cao (🟢+🟡+⚪)"))),"✓ Có","✗ Không") -> ✗ Không | E51: =IF(D51="✓ Có",VLOOKUP(B51,'Hệ Số'!B:C,2,FALSE),0) -> 0 | F51: Framer Motion
A52: 41 | B52: Micro-interactions | C52: ⚪ Tùy chọn | D52: =IF(AND('📋 Thông Tin'!$B$10="Web Giới Thiệu",OR(C52="🟢 Bắt buộc",AND(C52="🟡 Nên có",OR('📋 Thông Tin'!$D$10="Phổ thông (🟢+🟡)",'📋 Thông Tin'!$D$10="Nâng cao (🟢+🟡+⚪)")),AND(C52="⚪ Tùy chọn",'📋 Thông Tin'!$D$10="Nâng cao (🟢+🟡+⚪)"))),"✓ Có","✗ Không") -> ✗ Không | E52: =IF(D52="✓ Có",VLOOKUP(B52,'Hệ Số'!B:C,2,FALSE),0) -> 0 | F52: Hover tilt, magnetic cursor
A53: 42 | B53: 3D elements (Three.js) | C53: ⚪ Tùy chọn | D53: =IF(AND('📋 Thông Tin'!$B$10="Web Giới Thiệu",OR(C53="🟢 Bắt buộc",AND(C53="🟡 Nên có",OR('📋 Thông Tin'!$D$10="Phổ thông (🟢+🟡)",'📋 Thông Tin'!$D$10="Nâng cao (🟢+🟡+⚪)")),AND(C53="⚪ Tùy chọn",'📋 Thông Tin'!$D$10="Nâng cao (🟢+🟡+⚪)"))),"✓ Có","✗ Không") -> ✗ Không | E53: =IF(D53="✓ Có",VLOOKUP(B53,'Hệ Số'!B:C,2,FALSE),0) -> 0 | F53: Product viewer, 3D hero
A54: 43 | B54: Parallax effects | C54: ⚪ Tùy chọn | D54: =IF(AND('📋 Thông Tin'!$B$10="Web Giới Thiệu",OR(C54="🟢 Bắt buộc",AND(C54="🟡 Nên có",OR('📋 Thông Tin'!$D$10="Phổ thông (🟢+🟡)",'📋 Thông Tin'!$D$10="Nâng cao (🟢+🟡+⚪)")),AND(C54="⚪ Tùy chọn",'📋 Thông Tin'!$D$10="Nâng cao (🟢+🟡+⚪)"))),"✓ Có","✗ Không") -> ✗ Không | E54: =IF(D54="✓ Có",VLOOKUP(B54,'Hệ Số'!B:C,2,FALSE),0) -> 0
A55: 44 | B55: Card/section animations | C55: ⚪ Tùy chọn | D55: =IF(AND('📋 Thông Tin'!$B$10="Web Giới Thiệu",OR(C55="🟢 Bắt buộc",AND(C55="🟡 Nên có",OR('📋 Thông Tin'!$D$10="Phổ thông (🟢+🟡)",'📋 Thông Tin'!$D$10="Nâng cao (🟢+🟡+⚪)")),AND(C55="⚪ Tùy chọn",'📋 Thông Tin'!$D$10="Nâng cao (🟢+🟡+⚪)"))),"✓ Có","✗ Không") -> ✗ Không | E55: =IF(D55="✓ Có",VLOOKUP(B55,'Hệ Số'!B:C,2,FALSE),0) -> 0 | F55: Fade-in, stagger khi scroll
A56: 45 | B56: Glassmorphism + blur | C56: ⚪ Tùy chọn | D56: =IF(AND('📋 Thông Tin'!$B$10="Web Giới Thiệu",OR(C56="🟢 Bắt buộc",AND(C56="🟡 Nên có",OR('📋 Thông Tin'!$D$10="Phổ thông (🟢+🟡)",'📋 Thông Tin'!$D$10="Nâng cao (🟢+🟡+⚪)")),AND(C56="⚪ Tùy chọn",'📋 Thông Tin'!$D$10="Nâng cao (🟢+🟡+⚪)"))),"✓ Có","✗ Không") -> ✗ Không | E56: =IF(D56="✓ Có",VLOOKUP(B56,'Hệ Số'!B:C,2,FALSE),0) -> 0
A57: 46 | B57: Dark mode toggle | C57: ⚪ Tùy chọn | D57: =IF(AND('📋 Thông Tin'!$B$10="Web Giới Thiệu",OR(C57="🟢 Bắt buộc",AND(C57="🟡 Nên có",OR('📋 Thông Tin'!$D$10="Phổ thông (🟢+🟡)",'📋 Thông Tin'!$D$10="Nâng cao (🟢+🟡+⚪)")),AND(C57="⚪ Tùy chọn",'📋 Thông Tin'!$D$10="Nâng cao (🟢+🟡+⚪)"))),"✓ Có","✗ Không") -> ✗ Không | E57: =IF(D57="✓ Có",VLOOKUP(B57,'Hệ Số'!B:C,2,FALSE),0) -> 0
A58: 47 | B58: Custom cursor | C58: ⚪ Tùy chọn | D58: =IF(AND('📋 Thông Tin'!$B$10="Web Giới Thiệu",OR(C58="🟢 Bắt buộc",AND(C58="🟡 Nên có",OR('📋 Thông Tin'!$D$10="Phổ thông (🟢+🟡)",'📋 Thông Tin'!$D$10="Nâng cao (🟢+🟡+⚪)")),AND(C58="⚪ Tùy chọn",'📋 Thông Tin'!$D$10="Nâng cao (🟢+🟡+⚪)"))),"✓ Có","✗ Không") -> ✗ Không | E58: =IF(D58="✓ Có",VLOOKUP(B58,'Hệ Số'!B:C,2,FALSE),0) -> 0
A59: ✨ NÂNG CAO
A60: 48 | B60: Live Chat (Tawk.to, Crisp) | C60: ⚪ Tùy chọn | D60: =IF(AND('📋 Thông Tin'!$B$10="Web Giới Thiệu",OR(C60="🟢 Bắt buộc",AND(C60="🟡 Nên có",OR('📋 Thông Tin'!$D$10="Phổ thông (🟢+🟡)",'📋 Thông Tin'!$D$10="Nâng cao (🟢+🟡+⚪)")),AND(C60="⚪ Tùy chọn",'📋 Thông Tin'!$D$10="Nâng cao (🟢+🟡+⚪)"))),"✓ Có","✗ Không") -> ✗ Không | E60: =IF(D60="✓ Có",VLOOKUP(B60,'Hệ Số'!B:C,2,FALSE),0) -> 0 | F60: Embed widget
A61: 49 | B61: AI Chatbot | C61: ⚪ Tùy chọn | D61: =IF(AND('📋 Thông Tin'!$B$10="Web Giới Thiệu",OR(C61="🟢 Bắt buộc",AND(C61="🟡 Nên có",OR('📋 Thông Tin'!$D$10="Phổ thông (🟢+🟡)",'📋 Thông Tin'!$D$10="Nâng cao (🟢+🟡+⚪)")),AND(C61="⚪ Tùy chọn",'📋 Thông Tin'!$D$10="Nâng cao (🟢+🟡+⚪)"))),"✓ Có","✗ Không") -> ✗ Không | E61: =IF(D61="✓ Có",VLOOKUP(B61,'Hệ Số'!B:C,2,FALSE),0) -> 0
A62: 50 | B62: Multi-step Form (Wizard) | C62: ⚪ Tùy chọn | D62: =IF(AND('📋 Thông Tin'!$B$10="Web Giới Thiệu",OR(C62="🟢 Bắt buộc",AND(C62="🟡 Nên có",OR('📋 Thông Tin'!$D$10="Phổ thông (🟢+🟡)",'📋 Thông Tin'!$D$10="Nâng cao (🟢+🟡+⚪)")),AND(C62="⚪ Tùy chọn",'📋 Thông Tin'!$D$10="Nâng cao (🟢+🟡+⚪)"))),"✓ Có","✗ Không") -> ✗ Không | E62: =IF(D62="✓ Có",VLOOKUP(B62,'Hệ Số'!B:C,2,FALSE),0) -> 0
A63: 51 | B63: Form đặt hàng / Enquiry nâng cao | C63: ⚪ Tùy chọn | D63: =IF(AND('📋 Thông Tin'!$B$10="Web Giới Thiệu",OR(C63="🟢 Bắt buộc",AND(C63="🟡 Nên có",OR('📋 Thông Tin'!$D$10="Phổ thông (🟢+🟡)",'📋 Thông Tin'!$D$10="Nâng cao (🟢+🟡+⚪)")),AND(C63="⚪ Tùy chọn",'📋 Thông Tin'!$D$10="Nâng cao (🟢+🟡+⚪)"))),"✓ Có","✗ Không") -> ✗ Không | E63: =IF(D63="✓ Có",VLOOKUP(B63,'Hệ Số'!B:C,2,FALSE),0) -> 0
A66: 💰 TỔNG KẾT TỰ ĐỘNG
A67: 📊 Tổng hệ số (features đã chọn) | E67: =SUM(E5:E63) -> 0
A68: × Hệ số × 1.5 | E68: =E67*1.5 -> 0
A69: 📅 Số ngày | E69: =CEILING(E68/8,1) -> 0
A70: 💰 GIÁ DỰ KIẾN | E70: =E69*1000000 -> 0
A72: 💳 Đặt cọc (40%) | E72: =E70*0.4 -> 0
A73: 💳 Thanh toán nghiệm thu (60%) | E73: =E70*0.6 -> 0
A75: 💡 Chọn Loại website + Gói ở sheet "📋 Thông Tin" → Có/Không tự động theo gói. Có thể ghi đè thủ công.

Sheet Web Doanh Nghiệp
A1: 📋 WEB DOANH NGHIỆP — BẢNG TÍNH NĂNG
A3: STT | B3: Tính năng | C3: Mức độ | D3: Có / Không | E3: Hệ số | F3: Ghi chú
A4: ⚙️ CORE (Trang cơ bản)
A5: 1 | B5: Homepage (hero + sections + CTA) | C5: 🟢 Bắt buộc | D5: =IF(AND('📋 Thông Tin'!$B$10="Web Doanh Nghiệp",OR(C5="🟢 Bắt buộc",AND(C5="🟡 Nên có",OR('📋 Thông Tin'!$D$10="Phổ thông (🟢+🟡)",'📋 Thông Tin'!$D$10="Nâng cao (🟢+🟡+⚪)")),AND(C5="⚪ Tùy chọn",'📋 Thông Tin'!$D$10="Nâng cao (🟢+🟡+⚪)"))),"✓ Có","✗ Không") -> ✗ Không | E5: =IF(D5="✓ Có",VLOOKUP(B5,'Hệ Số'!B:C,2,FALSE),0) -> 0
A6: 2 | B6: About Page | C6: 🟢 Bắt buộc | D6: =IF(AND('📋 Thông Tin'!$B$10="Web Doanh Nghiệp",OR(C6="🟢 Bắt buộc",AND(C6="🟡 Nên có",OR('📋 Thông Tin'!$D$10="Phổ thông (🟢+🟡)",'📋 Thông Tin'!$D$10="Nâng cao (🟢+🟡+⚪)")),AND(C6="⚪ Tùy chọn",'📋 Thông Tin'!$D$10="Nâng cao (🟢+🟡+⚪)"))),"✓ Có","✗ Không") -> ✗ Không | E6: =IF(D6="✓ Có",VLOOKUP(B6,'Hệ Số'!B:C,2,FALSE),0) -> 0
A7: 3 | B7: Contact Page (form + map + info) | C7: 🟢 Bắt buộc | D7: =IF(AND('📋 Thông Tin'!$B$10="Web Doanh Nghiệp",OR(C7="🟢 Bắt buộc",AND(C7="🟡 Nên có",OR('📋 Thông Tin'!$D$10="Phổ thông (🟢+🟡)",'📋 Thông Tin'!$D$10="Nâng cao (🟢+🟡+⚪)")),AND(C7="⚪ Tùy chọn",'📋 Thông Tin'!$D$10="Nâng cao (🟢+🟡+⚪)"))),"✓ Có","✗ Không") -> ✗ Không | E7: =IF(D7="✓ Có",VLOOKUP(B7,'Hệ Số'!B:C,2,FALSE),0) -> 0
A8: 4 | B8: 404 Page | C8: 🟢 Bắt buộc | D8: =IF(AND('📋 Thông Tin'!$B$10="Web Doanh Nghiệp",OR(C8="🟢 Bắt buộc",AND(C8="🟡 Nên có",OR('📋 Thông Tin'!$D$10="Phổ thông (🟢+🟡)",'📋 Thông Tin'!$D$10="Nâng cao (🟢+🟡+⚪)")),AND(C8="⚪ Tùy chọn",'📋 Thông Tin'!$D$10="Nâng cao (🟢+🟡+⚪)"))),"✓ Có","✗ Không") -> ✗ Không | E8: =IF(D8="✓ Có",VLOOKUP(B8,'Hệ Số'!B:C,2,FALSE),0) -> 0
A9: 5 | B9: Footer + Header | C9: 🟢 Bắt buộc | D9: =IF(AND('📋 Thông Tin'!$B$10="Web Doanh Nghiệp",OR(C9="🟢 Bắt buộc",AND(C9="🟡 Nên có",OR('📋 Thông Tin'!$D$10="Phổ thông (🟢+🟡)",'📋 Thông Tin'!$D$10="Nâng cao (🟢+🟡+⚪)")),AND(C9="⚪ Tùy chọn",'📋 Thông Tin'!$D$10="Nâng cao (🟢+🟡+⚪)"))),"✓ Có","✗ Không") -> ✗ Không | E9: =IF(D9="✓ Có",VLOOKUP(B9,'Hệ Số'!B:C,2,FALSE),0) -> 0 | F9: Responsive nav, logo
A10: 6 | B10: Form liên hệ (gửi email) | C10: 🟢 Bắt buộc | D10: =IF(AND('📋 Thông Tin'!$B$10="Web Doanh Nghiệp",OR(C10="🟢 Bắt buộc",AND(C10="🟡 Nên có",OR('📋 Thông Tin'!$D$10="Phổ thông (🟢+🟡)",'📋 Thông Tin'!$D$10="Nâng cao (🟢+🟡+⚪)")),AND(C10="⚪ Tùy chọn",'📋 Thông Tin'!$D$10="Nâng cao (🟢+🟡+⚪)"))),"✓ Có","✗ Không") -> ✗ Không | E10: =IF(D10="✓ Có",VLOOKUP(B10,'Hệ Số'!B:C,2,FALSE),0) -> 0
A11: 7 | B11: FAB (Floating Action Button) | C11: 🟡 Nên có | D11: =IF(AND('📋 Thông Tin'!$B$10="Web Doanh Nghiệp",OR(C11="🟢 Bắt buộc",AND(C11="🟡 Nên có",OR('📋 Thông Tin'!$D$10="Phổ thông (🟢+🟡)",'📋 Thông Tin'!$D$10="Nâng cao (🟢+🟡+⚪)")),AND(C11="⚪ Tùy chọn",'📋 Thông Tin'!$D$10="Nâng cao (🟢+🟡+⚪)"))),"✓ Có","✗ Không") -> ✗ Không | E11: =IF(D11="✓ Có",VLOOKUP(B11,'Hệ Số'!B:C,2,FALSE),0) -> 0 | F11: Nút nổi: gọi/Zalo/Messenger
A12: 8 | B12: Google Maps nhúng | C12: 🟡 Nên có | D12: =IF(AND('📋 Thông Tin'!$B$10="Web Doanh Nghiệp",OR(C12="🟢 Bắt buộc",AND(C12="🟡 Nên có",OR('📋 Thông Tin'!$D$10="Phổ thông (🟢+🟡)",'📋 Thông Tin'!$D$10="Nâng cao (🟢+🟡+⚪)")),AND(C12="⚪ Tùy chọn",'📋 Thông Tin'!$D$10="Nâng cao (🟢+🟡+⚪)"))),"✓ Có","✗ Không") -> ✗ Không | E12: =IF(D12="✓ Có",VLOOKUP(B12,'Hệ Số'!B:C,2,FALSE),0) -> 0
A13: 9 | B13: Nút gọi điện / Zalo / Messenger | C13: 🟡 Nên có | D13: =IF(AND('📋 Thông Tin'!$B$10="Web Doanh Nghiệp",OR(C13="🟢 Bắt buộc",AND(C13="🟡 Nên có",OR('📋 Thông Tin'!$D$10="Phổ thông (🟢+🟡)",'📋 Thông Tin'!$D$10="Nâng cao (🟢+🟡+⚪)")),AND(C13="⚪ Tùy chọn",'📋 Thông Tin'!$D$10="Nâng cao (🟢+🟡+⚪)"))),"✓ Có","✗ Không") -> ✗ Không | E13: =IF(D13="✓ Có",VLOOKUP(B13,'Hệ Số'!B:C,2,FALSE),0) -> 0 | F13: Nếu không dùng FAB
A14: 📝 NỘI DUNG
A15: 10 | B15: Services/Products List | C15: 🟢 Bắt buộc | D15: =IF(AND('📋 Thông Tin'!$B$10="Web Doanh Nghiệp",OR(C15="🟢 Bắt buộc",AND(C15="🟡 Nên có",OR('📋 Thông Tin'!$D$10="Phổ thông (🟢+🟡)",'📋 Thông Tin'!$D$10="Nâng cao (🟢+🟡+⚪)")),AND(C15="⚪ Tùy chọn",'📋 Thông Tin'!$D$10="Nâng cao (🟢+🟡+⚪)"))),"✓ Có","✗ Không") -> ✗ Không | E15: =IF(D15="✓ Có",VLOOKUP(B15,'Hệ Số'!B:C,2,FALSE),0) -> 0 | F15: Danh sách dịch vụ/sản phẩm
A16: 11 | B16: Service/Product Detail | C16: 🟡 Nên có | D16: =IF(AND('📋 Thông Tin'!$B$10="Web Doanh Nghiệp",OR(C16="🟢 Bắt buộc",AND(C16="🟡 Nên có",OR('📋 Thông Tin'!$D$10="Phổ thông (🟢+🟡)",'📋 Thông Tin'!$D$10="Nâng cao (🟢+🟡+⚪)")),AND(C16="⚪ Tùy chọn",'📋 Thông Tin'!$D$10="Nâng cao (🟢+🟡+⚪)"))),"✓ Có","✗ Không") -> ✗ Không | E16: =IF(D16="✓ Có",VLOOKUP(B16,'Hệ Số'!B:C,2,FALSE),0) -> 0 | F16: Trang chi tiết
A17: 12 | B17: Portfolio/Gallery Grid | C17: 🟢 Bắt buộc | D17: =IF(AND('📋 Thông Tin'!$B$10="Web Doanh Nghiệp",OR(C17="🟢 Bắt buộc",AND(C17="🟡 Nên có",OR('📋 Thông Tin'!$D$10="Phổ thông (🟢+🟡)",'📋 Thông Tin'!$D$10="Nâng cao (🟢+🟡+⚪)")),AND(C17="⚪ Tùy chọn",'📋 Thông Tin'!$D$10="Nâng cao (🟢+🟡+⚪)"))),"✓ Có","✗ Không") -> ✗ Không | E17: =IF(D17="✓ Có",VLOOKUP(B17,'Hệ Số'!B:C,2,FALSE),0) -> 0 | F17: Lưới dự án/album ảnh
A18: 13 | B18: Portfolio Detail | C18: 🟡 Nên có | D18: =IF(AND('📋 Thông Tin'!$B$10="Web Doanh Nghiệp",OR(C18="🟢 Bắt buộc",AND(C18="🟡 Nên có",OR('📋 Thông Tin'!$D$10="Phổ thông (🟢+🟡)",'📋 Thông Tin'!$D$10="Nâng cao (🟢+🟡+⚪)")),AND(C18="⚪ Tùy chọn",'📋 Thông Tin'!$D$10="Nâng cao (🟢+🟡+⚪)"))),"✓ Có","✗ Không") -> ✗ Không | E18: =IF(D18="✓ Có",VLOOKUP(B18,'Hệ Số'!B:C,2,FALSE),0) -> 0 | F18: Chi tiết dự án
A19: 14 | B19: Blog List + Detail | C19: 🟡 Nên có | D19: =IF(AND('📋 Thông Tin'!$B$10="Web Doanh Nghiệp",OR(C19="🟢 Bắt buộc",AND(C19="🟡 Nên có",OR('📋 Thông Tin'!$D$10="Phổ thông (🟢+🟡)",'📋 Thông Tin'!$D$10="Nâng cao (🟢+🟡+⚪)")),AND(C19="⚪ Tùy chọn",'📋 Thông Tin'!$D$10="Nâng cao (🟢+🟡+⚪)"))),"✓ Có","✗ Không") -> ✗ Không | E19: =IF(D19="✓ Có",VLOOKUP(B19,'Hệ Số'!B:C,2,FALSE),0) -> 0 | F19: Bài viết + phân loại + tag
A20: 15 | B20: FAQ Page | C20: 🟡 Nên có | D20: =IF(AND('📋 Thông Tin'!$B$10="Web Doanh Nghiệp",OR(C20="🟢 Bắt buộc",AND(C20="🟡 Nên có",OR('📋 Thông Tin'!$D$10="Phổ thông (🟢+🟡)",'📋 Thông Tin'!$D$10="Nâng cao (🟢+🟡+⚪)")),AND(C20="⚪ Tùy chọn",'📋 Thông Tin'!$D$10="Nâng cao (🟢+🟡+⚪)"))),"✓ Có","✗ Không") -> ✗ Không | E20: =IF(D20="✓ Có",VLOOKUP(B20,'Hệ Số'!B:C,2,FALSE),0) -> 0 | F20: Accordion Q&A
A21: 16 | B21: Testimonials Section | C21: 🟡 Nên có | D21: =IF(AND('📋 Thông Tin'!$B$10="Web Doanh Nghiệp",OR(C21="🟢 Bắt buộc",AND(C21="🟡 Nên có",OR('📋 Thông Tin'!$D$10="Phổ thông (🟢+🟡)",'📋 Thông Tin'!$D$10="Nâng cao (🟢+🟡+⚪)")),AND(C21="⚪ Tùy chọn",'📋 Thông Tin'!$D$10="Nâng cao (🟢+🟡+⚪)"))),"✓ Có","✗ Không") -> ✗ Không | E21: =IF(D21="✓ Có",VLOOKUP(B21,'Hệ Số'!B:C,2,FALSE),0) -> 0 | F21: Đánh giá khách hàng
A22: 17 | B22: Video nhúng (YouTube, Vimeo) | C22: ⚪ Tùy chọn | D22: =IF(AND('📋 Thông Tin'!$B$10="Web Doanh Nghiệp",OR(C22="🟢 Bắt buộc",AND(C22="🟡 Nên có",OR('📋 Thông Tin'!$D$10="Phổ thông (🟢+🟡)",'📋 Thông Tin'!$D$10="Nâng cao (🟢+🟡+⚪)")),AND(C22="⚪ Tùy chọn",'📋 Thông Tin'!$D$10="Nâng cao (🟢+🟡+⚪)"))),"✓ Có","✗ Không") -> ✗ Không | E22: =IF(D22="✓ Có",VLOOKUP(B22,'Hệ Số'!B:C,2,FALSE),0) -> 0
A23: 18 | B23: Banner / Slider quản lý | C23: 🟡 Nên có | D23: =IF(AND('📋 Thông Tin'!$B$10="Web Doanh Nghiệp",OR(C23="🟢 Bắt buộc",AND(C23="🟡 Nên có",OR('📋 Thông Tin'!$D$10="Phổ thông (🟢+🟡)",'📋 Thông Tin'!$D$10="Nâng cao (🟢+🟡+⚪)")),AND(C23="⚪ Tùy chọn",'📋 Thông Tin'!$D$10="Nâng cao (🟢+🟡+⚪)"))),"✓ Có","✗ Không") -> ✗ Không | E23: =IF(D23="✓ Có",VLOOKUP(B23,'Hệ Số'!B:C,2,FALSE),0) -> 0 | F23: Admin quản lý banner
A24: 19 | B24: Đánh giá / Review sản phẩm | C24: ⚪ Tùy chọn | D24: =IF(AND('📋 Thông Tin'!$B$10="Web Doanh Nghiệp",OR(C24="🟢 Bắt buộc",AND(C24="🟡 Nên có",OR('📋 Thông Tin'!$D$10="Phổ thông (🟢+🟡)",'📋 Thông Tin'!$D$10="Nâng cao (🟢+🟡+⚪)")),AND(C24="⚪ Tùy chọn",'📋 Thông Tin'!$D$10="Nâng cao (🟢+🟡+⚪)"))),"✓ Có","✗ Không") -> ✗ Không | E24: =IF(D24="✓ Có",VLOOKUP(B24,'Hệ Số'!B:C,2,FALSE),0) -> 0 | F24: Rating + comment
A25: 🛒 BOOKING & THƯƠNG MẠI
A26: 20 | B26: Booking Form (đơn giản) | C26: ⚪ Tùy chọn | D26: =IF(AND('📋 Thông Tin'!$B$10="Web Doanh Nghiệp",OR(C26="🟢 Bắt buộc",AND(C26="🟡 Nên có",OR('📋 Thông Tin'!$D$10="Phổ thông (🟢+🟡)",'📋 Thông Tin'!$D$10="Nâng cao (🟢+🟡+⚪)")),AND(C26="⚪ Tùy chọn",'📋 Thông Tin'!$D$10="Nâng cao (🟢+🟡+⚪)"))),"✓ Có","✗ Không") -> ✗ Không | E26: =IF(D26="✓ Có",VLOOKUP(B26,'Hệ Số'!B:C,2,FALSE),0) -> 0 | F26: Form đặt lịch cơ bản
A27: 📊 ADMIN & QUẢN TRỊ
A28: 21 | B28: Dashboard Admin (CRUD cơ bản) | C28: 🟡 Nên có | D28: =IF(AND('📋 Thông Tin'!$B$10="Web Doanh Nghiệp",OR(C28="🟢 Bắt buộc",AND(C28="🟡 Nên có",OR('📋 Thông Tin'!$D$10="Phổ thông (🟢+🟡)",'📋 Thông Tin'!$D$10="Nâng cao (🟢+🟡+⚪)")),AND(C28="⚪ Tùy chọn",'📋 Thông Tin'!$D$10="Nâng cao (🟢+🟡+⚪)"))),"✓ Có","✗ Không") -> ✗ Không | E28: =IF(D28="✓ Có",VLOOKUP(B28,'Hệ Số'!B:C,2,FALSE),0) -> 0 | F28: Quản lý dữ liệu
A29: 22 | B29: Dashboard Full (CRUD + analytics) | C29: ⚪ Tùy chọn | D29: =IF(AND('📋 Thông Tin'!$B$10="Web Doanh Nghiệp",OR(C29="🟢 Bắt buộc",AND(C29="🟡 Nên có",OR('📋 Thông Tin'!$D$10="Phổ thông (🟢+🟡)",'📋 Thông Tin'!$D$10="Nâng cao (🟢+🟡+⚪)")),AND(C29="⚪ Tùy chọn",'📋 Thông Tin'!$D$10="Nâng cao (🟢+🟡+⚪)"))),"✓ Có","✗ Không") -> ✗ Không | E29: =IF(D29="✓ Có",VLOOKUP(B29,'Hệ Số'!B:C,2,FALSE),0) -> 0 | F29: Charts, KPIs, reports
A30: 23 | B30: Site Config Editor | C30: ⚪ Tùy chọn | D30: =IF(AND('📋 Thông Tin'!$B$10="Web Doanh Nghiệp",OR(C30="🟢 Bắt buộc",AND(C30="🟡 Nên có",OR('📋 Thông Tin'!$D$10="Phổ thông (🟢+🟡)",'📋 Thông Tin'!$D$10="Nâng cao (🟢+🟡+⚪)")),AND(C30="⚪ Tùy chọn",'📋 Thông Tin'!$D$10="Nâng cao (🟢+🟡+⚪)"))),"✓ Có","✗ Không") -> ✗ Không | E30: =IF(D30="✓ Có",VLOOKUP(B30,'Hệ Số'!B:C,2,FALSE),0) -> 0 | F30: Cài đặt hệ thống
A31: 24 | B31: User Management | C31: ⚪ Tùy chọn | D31: =IF(AND('📋 Thông Tin'!$B$10="Web Doanh Nghiệp",OR(C31="🟢 Bắt buộc",AND(C31="🟡 Nên có",OR('📋 Thông Tin'!$D$10="Phổ thông (🟢+🟡)",'📋 Thông Tin'!$D$10="Nâng cao (🟢+🟡+⚪)")),AND(C31="⚪ Tùy chọn",'📋 Thông Tin'!$D$10="Nâng cao (🟢+🟡+⚪)"))),"✓ Có","✗ Không") -> ✗ Không | E31: =IF(D31="✓ Có",VLOOKUP(B31,'Hệ Số'!B:C,2,FALSE),0) -> 0 | F31: Quản lý tài khoản
A32: 25 | B32: Xuất báo cáo (Excel, PDF) | C32: ⚪ Tùy chọn | D32: =IF(AND('📋 Thông Tin'!$B$10="Web Doanh Nghiệp",OR(C32="🟢 Bắt buộc",AND(C32="🟡 Nên có",OR('📋 Thông Tin'!$D$10="Phổ thông (🟢+🟡)",'📋 Thông Tin'!$D$10="Nâng cao (🟢+🟡+⚪)")),AND(C32="⚪ Tùy chọn",'📋 Thông Tin'!$D$10="Nâng cao (🟢+🟡+⚪)"))),"✓ Có","✗ Không") -> ✗ Không | E32: =IF(D32="✓ Có",VLOOKUP(B32,'Hệ Số'!B:C,2,FALSE),0) -> 0 | F32: Export reports
A33: 🔐 TÀI KHOẢN & BẢO MẬT
A34: 26 | B34: Login/Register (Firebase Auth) | C34: ⚪ Tùy chọn | D34: =IF(AND('📋 Thông Tin'!$B$10="Web Doanh Nghiệp",OR(C34="🟢 Bắt buộc",AND(C34="🟡 Nên có",OR('📋 Thông Tin'!$D$10="Phổ thông (🟢+🟡)",'📋 Thông Tin'!$D$10="Nâng cao (🟢+🟡+⚪)")),AND(C34="⚪ Tùy chọn",'📋 Thông Tin'!$D$10="Nâng cao (🟢+🟡+⚪)"))),"✓ Có","✗ Không") -> ✗ Không | E34: =IF(D34="✓ Có",VLOOKUP(B34,'Hệ Số'!B:C,2,FALSE),0) -> 0
A35: 27 | B35: Social Login (Google/Facebook) | C35: ⚪ Tùy chọn | D35: =IF(AND('📋 Thông Tin'!$B$10="Web Doanh Nghiệp",OR(C35="🟢 Bắt buộc",AND(C35="🟡 Nên có",OR('📋 Thông Tin'!$D$10="Phổ thông (🟢+🟡)",'📋 Thông Tin'!$D$10="Nâng cao (🟢+🟡+⚪)")),AND(C35="⚪ Tùy chọn",'📋 Thông Tin'!$D$10="Nâng cao (🟢+🟡+⚪)"))),"✓ Có","✗ Không") -> ✗ Không | E35: =IF(D35="✓ Có",VLOOKUP(B35,'Hệ Số'!B:C,2,FALSE),0) -> 0 | F35: OAuth2
A36: 28 | B36: Role-based Access | C36: ⚪ Tùy chọn | D36: =IF(AND('📋 Thông Tin'!$B$10="Web Doanh Nghiệp",OR(C36="🟢 Bắt buộc",AND(C36="🟡 Nên có",OR('📋 Thông Tin'!$D$10="Phổ thông (🟢+🟡)",'📋 Thông Tin'!$D$10="Nâng cao (🟢+🟡+⚪)")),AND(C36="⚪ Tùy chọn",'📋 Thông Tin'!$D$10="Nâng cao (🟢+🟡+⚪)"))),"✓ Có","✗ Không") -> ✗ Không | E36: =IF(D36="✓ Có",VLOOKUP(B36,'Hệ Số'!B:C,2,FALSE),0) -> 0 | F36: Phân quyền Admin/User/Staff
A37: 🔔 THÔNG BÁO
A38: 29 | B38: Email notification | C38: 🟡 Nên có | D38: =IF(AND('📋 Thông Tin'!$B$10="Web Doanh Nghiệp",OR(C38="🟢 Bắt buộc",AND(C38="🟡 Nên có",OR('📋 Thông Tin'!$D$10="Phổ thông (🟢+🟡)",'📋 Thông Tin'!$D$10="Nâng cao (🟢+🟡+⚪)")),AND(C38="⚪ Tùy chọn",'📋 Thông Tin'!$D$10="Nâng cao (🟢+🟡+⚪)"))),"✓ Có","✗ Không") -> ✗ Không | E38: =IF(D38="✓ Có",VLOOKUP(B38,'Hệ Số'!B:C,2,FALSE),0) -> 0 | F38: SendGrid
A39: 30 | B39: Admin dashboard notification | C39: 🟡 Nên có | D39: =IF(AND('📋 Thông Tin'!$B$10="Web Doanh Nghiệp",OR(C39="🟢 Bắt buộc",AND(C39="🟡 Nên có",OR('📋 Thông Tin'!$D$10="Phổ thông (🟢+🟡)",'📋 Thông Tin'!$D$10="Nâng cao (🟢+🟡+⚪)")),AND(C39="⚪ Tùy chọn",'📋 Thông Tin'!$D$10="Nâng cao (🟢+🟡+⚪)"))),"✓ Có","✗ Không") -> ✗ Không | E39: =IF(D39="✓ Có",VLOOKUP(B39,'Hệ Số'!B:C,2,FALSE),0) -> 0 | F39: Chuông thông báo
A40: 31 | B40: FCM Push Notification | C40: ⚪ Tùy chọn | D40: =IF(AND('📋 Thông Tin'!$B$10="Web Doanh Nghiệp",OR(C40="🟢 Bắt buộc",AND(C40="🟡 Nên có",OR('📋 Thông Tin'!$D$10="Phổ thông (🟢+🟡)",'📋 Thông Tin'!$D$10="Nâng cao (🟢+🟡+⚪)")),AND(C40="⚪ Tùy chọn",'📋 Thông Tin'!$D$10="Nâng cao (🟢+🟡+⚪)"))),"✓ Có","✗ Không") -> ✗ Không | E40: =IF(D40="✓ Có",VLOOKUP(B40,'Hệ Số'!B:C,2,FALSE),0) -> 0 | F40: Push trình duyệt
A41: 32 | B41: SMS Notification | C41: ⚪ Tùy chọn | D41: =IF(AND('📋 Thông Tin'!$B$10="Web Doanh Nghiệp",OR(C41="🟢 Bắt buộc",AND(C41="🟡 Nên có",OR('📋 Thông Tin'!$D$10="Phổ thông (🟢+🟡)",'📋 Thông Tin'!$D$10="Nâng cao (🟢+🟡+⚪)")),AND(C41="⚪ Tùy chọn",'📋 Thông Tin'!$D$10="Nâng cao (🟢+🟡+⚪)"))),"✓ Có","✗ Không") -> ✗ Không | E41: =IF(D41="✓ Có",VLOOKUP(B41,'Hệ Số'!B:C,2,FALSE),0) -> 0
A42: 33 | B42: In-app Notification | C42: ⚪ Tùy chọn | D42: =IF(AND('📋 Thông Tin'!$B$10="Web Doanh Nghiệp",OR(C42="🟢 Bắt buộc",AND(C42="🟡 Nên có",OR('📋 Thông Tin'!$D$10="Phổ thông (🟢+🟡)",'📋 Thông Tin'!$D$10="Nâng cao (🟢+🟡+⚪)")),AND(C42="⚪ Tùy chọn",'📋 Thông Tin'!$D$10="Nâng cao (🟢+🟡+⚪)"))),"✓ Có","✗ Không") -> ✗ Không | E42: =IF(D42="✓ Có",VLOOKUP(B42,'Hệ Số'!B:C,2,FALSE),0) -> 0 | F42: Thông báo trong app
A43: 🔧 KỸ THUẬT
A44: 34 | B44: Responsive (mobile + tablet) | C44: 🟢 Bắt buộc | D44: =IF(AND('📋 Thông Tin'!$B$10="Web Doanh Nghiệp",OR(C44="🟢 Bắt buộc",AND(C44="🟡 Nên có",OR('📋 Thông Tin'!$D$10="Phổ thông (🟢+🟡)",'📋 Thông Tin'!$D$10="Nâng cao (🟢+🟡+⚪)")),AND(C44="⚪ Tùy chọn",'📋 Thông Tin'!$D$10="Nâng cao (🟢+🟡+⚪)"))),"✓ Có","✗ Không") -> ✗ Không | E44: =IF(D44="✓ Có",VLOOKUP(B44,'Hệ Số'!B:C,2,FALSE),0) -> 0
A45: 35 | B45: SEO cơ bản (meta, sitemap, robots) | C45: 🟢 Bắt buộc | D45: =IF(AND('📋 Thông Tin'!$B$10="Web Doanh Nghiệp",OR(C45="🟢 Bắt buộc",AND(C45="🟡 Nên có",OR('📋 Thông Tin'!$D$10="Phổ thông (🟢+🟡)",'📋 Thông Tin'!$D$10="Nâng cao (🟢+🟡+⚪)")),AND(C45="⚪ Tùy chọn",'📋 Thông Tin'!$D$10="Nâng cao (🟢+🟡+⚪)"))),"✓ Có","✗ Không") -> ✗ Không | E45: =IF(D45="✓ Có",VLOOKUP(B45,'Hệ Số'!B:C,2,FALSE),0) -> 0
A46: 36 | B46: SEO nâng cao (schema markup) | C46: 🟡 Nên có | D46: =IF(AND('📋 Thông Tin'!$B$10="Web Doanh Nghiệp",OR(C46="🟢 Bắt buộc",AND(C46="🟡 Nên có",OR('📋 Thông Tin'!$D$10="Phổ thông (🟢+🟡)",'📋 Thông Tin'!$D$10="Nâng cao (🟢+🟡+⚪)")),AND(C46="⚪ Tùy chọn",'📋 Thông Tin'!$D$10="Nâng cao (🟢+🟡+⚪)"))),"✓ Có","✗ Không") -> ✗ Không | E46: =IF(D46="✓ Có",VLOOKUP(B46,'Hệ Số'!B:C,2,FALSE),0) -> 0 | F46: Rich snippets
A47: 37 | B47: Open Graph (share Facebook đẹp) | C47: 🟡 Nên có | D47: =IF(AND('📋 Thông Tin'!$B$10="Web Doanh Nghiệp",OR(C47="🟢 Bắt buộc",AND(C47="🟡 Nên có",OR('📋 Thông Tin'!$D$10="Phổ thông (🟢+🟡)",'📋 Thông Tin'!$D$10="Nâng cao (🟢+🟡+⚪)")),AND(C47="⚪ Tùy chọn",'📋 Thông Tin'!$D$10="Nâng cao (🟢+🟡+⚪)"))),"✓ Có","✗ Không") -> ✗ Không | E47: =IF(D47="✓ Có",VLOOKUP(B47,'Hệ Số'!B:C,2,FALSE),0) -> 0
A48: 38 | B48: Google Analytics / Tag Manager | C48: 🟡 Nên có | D48: =IF(AND('📋 Thông Tin'!$B$10="Web Doanh Nghiệp",OR(C48="🟢 Bắt buộc",AND(C48="🟡 Nên có",OR('📋 Thông Tin'!$D$10="Phổ thông (🟢+🟡)",'📋 Thông Tin'!$D$10="Nâng cao (🟢+🟡+⚪)")),AND(C48="⚪ Tùy chọn",'📋 Thông Tin'!$D$10="Nâng cao (🟢+🟡+⚪)"))),"✓ Có","✗ Không") -> ✗ Không | E48: =IF(D48="✓ Có",VLOOKUP(B48,'Hệ Số'!B:C,2,FALSE),0) -> 0
A49: 39 | B49: Facebook Pixel | C49: ⚪ Tùy chọn | D49: =IF(AND('📋 Thông Tin'!$B$10="Web Doanh Nghiệp",OR(C49="🟢 Bắt buộc",AND(C49="🟡 Nên có",OR('📋 Thông Tin'!$D$10="Phổ thông (🟢+🟡)",'📋 Thông Tin'!$D$10="Nâng cao (🟢+🟡+⚪)")),AND(C49="⚪ Tùy chọn",'📋 Thông Tin'!$D$10="Nâng cao (🟢+🟡+⚪)"))),"✓ Có","✗ Không") -> ✗ Không | E49: =IF(D49="✓ Có",VLOOKUP(B49,'Hệ Số'!B:C,2,FALSE),0) -> 0
A50: 40 | B50: SSL Certificate (HTTPS) | C50: 🟢 Bắt buộc | D50: =IF(AND('📋 Thông Tin'!$B$10="Web Doanh Nghiệp",OR(C50="🟢 Bắt buộc",AND(C50="🟡 Nên có",OR('📋 Thông Tin'!$D$10="Phổ thông (🟢+🟡)",'📋 Thông Tin'!$D$10="Nâng cao (🟢+🟡+⚪)")),AND(C50="⚪ Tùy chọn",'📋 Thông Tin'!$D$10="Nâng cao (🟢+🟡+⚪)"))),"✓ Có","✗ Không") -> ✗ Không | E50: =IF(D50="✓ Có",VLOOKUP(B50,'Hệ Số'!B:C,2,FALSE),0) -> 0 | F50: Miễn phí (Cloudflare)
A51: 41 | B51: PWA (offline + install) | C51: ⚪ Tùy chọn | D51: =IF(AND('📋 Thông Tin'!$B$10="Web Doanh Nghiệp",OR(C51="🟢 Bắt buộc",AND(C51="🟡 Nên có",OR('📋 Thông Tin'!$D$10="Phổ thông (🟢+🟡)",'📋 Thông Tin'!$D$10="Nâng cao (🟢+🟡+⚪)")),AND(C51="⚪ Tùy chọn",'📋 Thông Tin'!$D$10="Nâng cao (🟢+🟡+⚪)"))),"✓ Có","✗ Không") -> ✗ Không | E51: =IF(D51="✓ Có",VLOOKUP(B51,'Hệ Số'!B:C,2,FALSE),0) -> 0
A52: 42 | B52: Multi-language (i18n) | C52: ⚪ Tùy chọn | D52: =IF(AND('📋 Thông Tin'!$B$10="Web Doanh Nghiệp",OR(C52="🟢 Bắt buộc",AND(C52="🟡 Nên có",OR('📋 Thông Tin'!$D$10="Phổ thông (🟢+🟡)",'📋 Thông Tin'!$D$10="Nâng cao (🟢+🟡+⚪)")),AND(C52="⚪ Tùy chọn",'📋 Thông Tin'!$D$10="Nâng cao (🟢+🟡+⚪)"))),"✓ Có","✗ Không") -> ✗ Không | E52: =IF(D52="✓ Có",VLOOKUP(B52,'Hệ Số'!B:C,2,FALSE),0) -> 0 | F52: VI / EN
A53: 43 | B53: Performance optimization | C53: 🟡 Nên có | D53: =IF(AND('📋 Thông Tin'!$B$10="Web Doanh Nghiệp",OR(C53="🟢 Bắt buộc",AND(C53="🟡 Nên có",OR('📋 Thông Tin'!$D$10="Phổ thông (🟢+🟡)",'📋 Thông Tin'!$D$10="Nâng cao (🟢+🟡+⚪)")),AND(C53="⚪ Tùy chọn",'📋 Thông Tin'!$D$10="Nâng cao (🟢+🟡+⚪)"))),"✓ Có","✗ Không") -> ✗ Không | E53: =IF(D53="✓ Có",VLOOKUP(B53,'Hệ Số'!B:C,2,FALSE),0) -> 0 | F53: Lighthouse, lazy load
A54: 44 | B54: Schema Markup (Rich Snippets) | C54: 🟡 Nên có | D54: =IF(AND('📋 Thông Tin'!$B$10="Web Doanh Nghiệp",OR(C54="🟢 Bắt buộc",AND(C54="🟡 Nên có",OR('📋 Thông Tin'!$D$10="Phổ thông (🟢+🟡)",'📋 Thông Tin'!$D$10="Nâng cao (🟢+🟡+⚪)")),AND(C54="⚪ Tùy chọn",'📋 Thông Tin'!$D$10="Nâng cao (🟢+🟡+⚪)"))),"✓ Có","✗ Không") -> ✗ Không | E54: =IF(D54="✓ Có",VLOOKUP(B54,'Hệ Số'!B:C,2,FALSE),0) -> 0
A55: 🎬 ĐỘ PHỨC TẠP THIẾT KẾ
A56: 45 | B56: GSAP scroll animations | C56: ⚪ Tùy chọn | D56: =IF(AND('📋 Thông Tin'!$B$10="Web Doanh Nghiệp",OR(C56="🟢 Bắt buộc",AND(C56="🟡 Nên có",OR('📋 Thông Tin'!$D$10="Phổ thông (🟢+🟡)",'📋 Thông Tin'!$D$10="Nâng cao (🟢+🟡+⚪)")),AND(C56="⚪ Tùy chọn",'📋 Thông Tin'!$D$10="Nâng cao (🟢+🟡+⚪)"))),"✓ Có","✗ Không") -> ✗ Không | E56: =IF(D56="✓ Có",VLOOKUP(B56,'Hệ Số'!B:C,2,FALSE),0) -> 0 | F56: ScrollTrigger, reveal, parallax
A57: 46 | B57: Smooth scroll (Lenis) | C57: ⚪ Tùy chọn | D57: =IF(AND('📋 Thông Tin'!$B$10="Web Doanh Nghiệp",OR(C57="🟢 Bắt buộc",AND(C57="🟡 Nên có",OR('📋 Thông Tin'!$D$10="Phổ thông (🟢+🟡)",'📋 Thông Tin'!$D$10="Nâng cao (🟢+🟡+⚪)")),AND(C57="⚪ Tùy chọn",'📋 Thông Tin'!$D$10="Nâng cao (🟢+🟡+⚪)"))),"✓ Có","✗ Không") -> ✗ Không | E57: =IF(D57="✓ Có",VLOOKUP(B57,'Hệ Số'!B:C,2,FALSE),0) -> 0
A58: 47 | B58: Page transitions | C58: ⚪ Tùy chọn | D58: =IF(AND('📋 Thông Tin'!$B$10="Web Doanh Nghiệp",OR(C58="🟢 Bắt buộc",AND(C58="🟡 Nên có",OR('📋 Thông Tin'!$D$10="Phổ thông (🟢+🟡)",'📋 Thông Tin'!$D$10="Nâng cao (🟢+🟡+⚪)")),AND(C58="⚪ Tùy chọn",'📋 Thông Tin'!$D$10="Nâng cao (🟢+🟡+⚪)"))),"✓ Có","✗ Không") -> ✗ Không | E58: =IF(D58="✓ Có",VLOOKUP(B58,'Hệ Số'!B:C,2,FALSE),0) -> 0 | F58: Framer Motion
A59: 48 | B59: Micro-interactions | C59: ⚪ Tùy chọn | D59: =IF(AND('📋 Thông Tin'!$B$10="Web Doanh Nghiệp",OR(C59="🟢 Bắt buộc",AND(C59="🟡 Nên có",OR('📋 Thông Tin'!$D$10="Phổ thông (🟢+🟡)",'📋 Thông Tin'!$D$10="Nâng cao (🟢+🟡+⚪)")),AND(C59="⚪ Tùy chọn",'📋 Thông Tin'!$D$10="Nâng cao (🟢+🟡+⚪)"))),"✓ Có","✗ Không") -> ✗ Không | E59: =IF(D59="✓ Có",VLOOKUP(B59,'Hệ Số'!B:C,2,FALSE),0) -> 0 | F59: Hover tilt, magnetic cursor
A60: 49 | B60: 3D elements (Three.js) | C60: ⚪ Tùy chọn | D60: =IF(AND('📋 Thông Tin'!$B$10="Web Doanh Nghiệp",OR(C60="🟢 Bắt buộc",AND(C60="🟡 Nên có",OR('📋 Thông Tin'!$D$10="Phổ thông (🟢+🟡)",'📋 Thông Tin'!$D$10="Nâng cao (🟢+🟡+⚪)")),AND(C60="⚪ Tùy chọn",'📋 Thông Tin'!$D$10="Nâng cao (🟢+🟡+⚪)"))),"✓ Có","✗ Không") -> ✗ Không | E60: =IF(D60="✓ Có",VLOOKUP(B60,'Hệ Số'!B:C,2,FALSE),0) -> 0 | F60: Product viewer, 3D hero
A61: 50 | B61: Parallax effects | C61: ⚪ Tùy chọn | D61: =IF(AND('📋 Thông Tin'!$B$10="Web Doanh Nghiệp",OR(C61="🟢 Bắt buộc",AND(C61="🟡 Nên có",OR('📋 Thông Tin'!$D$10="Phổ thông (🟢+🟡)",'📋 Thông Tin'!$D$10="Nâng cao (🟢+🟡+⚪)")),AND(C61="⚪ Tùy chọn",'📋 Thông Tin'!$D$10="Nâng cao (🟢+🟡+⚪)"))),"✓ Có","✗ Không") -> ✗ Không | E61: =IF(D61="✓ Có",VLOOKUP(B61,'Hệ Số'!B:C,2,FALSE),0) -> 0
A62: 51 | B62: Card/section animations | C62: ⚪ Tùy chọn | D62: =IF(AND('📋 Thông Tin'!$B$10="Web Doanh Nghiệp",OR(C62="🟢 Bắt buộc",AND(C62="🟡 Nên có",OR('📋 Thông Tin'!$D$10="Phổ thông (🟢+🟡)",'📋 Thông Tin'!$D$10="Nâng cao (🟢+🟡+⚪)")),AND(C62="⚪ Tùy chọn",'📋 Thông Tin'!$D$10="Nâng cao (🟢+🟡+⚪)"))),"✓ Có","✗ Không") -> ✗ Không | E62: =IF(D62="✓ Có",VLOOKUP(B62,'Hệ Số'!B:C,2,FALSE),0) -> 0 | F62: Fade-in, stagger khi scroll
A63: 52 | B63: Glassmorphism + blur | C63: ⚪ Tùy chọn | D63: =IF(AND('📋 Thông Tin'!$B$10="Web Doanh Nghiệp",OR(C63="🟢 Bắt buộc",AND(C63="🟡 Nên có",OR('📋 Thông Tin'!$D$10="Phổ thông (🟢+🟡)",'📋 Thông Tin'!$D$10="Nâng cao (🟢+🟡+⚪)")),AND(C63="⚪ Tùy chọn",'📋 Thông Tin'!$D$10="Nâng cao (🟢+🟡+⚪)"))),"✓ Có","✗ Không") -> ✗ Không | E63: =IF(D63="✓ Có",VLOOKUP(B63,'Hệ Số'!B:C,2,FALSE),0) -> 0
A64: 53 | B64: Dark mode toggle | C64: ⚪ Tùy chọn | D64: =IF(AND('📋 Thông Tin'!$B$10="Web Doanh Nghiệp",OR(C64="🟢 Bắt buộc",AND(C64="🟡 Nên có",OR('📋 Thông Tin'!$D$10="Phổ thông (🟢+🟡)",'📋 Thông Tin'!$D$10="Nâng cao (🟢+🟡+⚪)")),AND(C64="⚪ Tùy chọn",'📋 Thông Tin'!$D$10="Nâng cao (🟢+🟡+⚪)"))),"✓ Có","✗ Không") -> ✗ Không | E64: =IF(D64="✓ Có",VLOOKUP(B64,'Hệ Số'!B:C,2,FALSE),0) -> 0
A65: 54 | B65: Custom cursor | C65: ⚪ Tùy chọn | D65: =IF(AND('📋 Thông Tin'!$B$10="Web Doanh Nghiệp",OR(C65="🟢 Bắt buộc",AND(C65="🟡 Nên có",OR('📋 Thông Tin'!$D$10="Phổ thông (🟢+🟡)",'📋 Thông Tin'!$D$10="Nâng cao (🟢+🟡+⚪)")),AND(C65="⚪ Tùy chọn",'📋 Thông Tin'!$D$10="Nâng cao (🟢+🟡+⚪)"))),"✓ Có","✗ Không") -> ✗ Không | E65: =IF(D65="✓ Có",VLOOKUP(B65,'Hệ Số'!B:C,2,FALSE),0) -> 0
A66: ✨ NÂNG CAO
A67: 55 | B67: Live Chat (Tawk.to, Crisp) | C67: ⚪ Tùy chọn | D67: =IF(AND('📋 Thông Tin'!$B$10="Web Doanh Nghiệp",OR(C67="🟢 Bắt buộc",AND(C67="🟡 Nên có",OR('📋 Thông Tin'!$D$10="Phổ thông (🟢+🟡)",'📋 Thông Tin'!$D$10="Nâng cao (🟢+🟡+⚪)")),AND(C67="⚪ Tùy chọn",'📋 Thông Tin'!$D$10="Nâng cao (🟢+🟡+⚪)"))),"✓ Có","✗ Không") -> ✗ Không | E67: =IF(D67="✓ Có",VLOOKUP(B67,'Hệ Số'!B:C,2,FALSE),0) -> 0 | F67: Embed widget
A68: 56 | B68: AI Chatbot | C68: ⚪ Tùy chọn | D68: =IF(AND('📋 Thông Tin'!$B$10="Web Doanh Nghiệp",OR(C68="🟢 Bắt buộc",AND(C68="🟡 Nên có",OR('📋 Thông Tin'!$D$10="Phổ thông (🟢+🟡)",'📋 Thông Tin'!$D$10="Nâng cao (🟢+🟡+⚪)")),AND(C68="⚪ Tùy chọn",'📋 Thông Tin'!$D$10="Nâng cao (🟢+🟡+⚪)"))),"✓ Có","✗ Không") -> ✗ Không | E68: =IF(D68="✓ Có",VLOOKUP(B68,'Hệ Số'!B:C,2,FALSE),0) -> 0
A69: 57 | B69: Multi-step Form (Wizard) | C69: ⚪ Tùy chọn | D69: =IF(AND('📋 Thông Tin'!$B$10="Web Doanh Nghiệp",OR(C69="🟢 Bắt buộc",AND(C69="🟡 Nên có",OR('📋 Thông Tin'!$D$10="Phổ thông (🟢+🟡)",'📋 Thông Tin'!$D$10="Nâng cao (🟢+🟡+⚪)")),AND(C69="⚪ Tùy chọn",'📋 Thông Tin'!$D$10="Nâng cao (🟢+🟡+⚪)"))),"✓ Có","✗ Không") -> ✗ Không | E69: =IF(D69="✓ Có",VLOOKUP(B69,'Hệ Số'!B:C,2,FALSE),0) -> 0
A70: 58 | B70: Form đặt hàng / Enquiry nâng cao | C70: ⚪ Tùy chọn | D70: =IF(AND('📋 Thông Tin'!$B$10="Web Doanh Nghiệp",OR(C70="🟢 Bắt buộc",AND(C70="🟡 Nên có",OR('📋 Thông Tin'!$D$10="Phổ thông (🟢+🟡)",'📋 Thông Tin'!$D$10="Nâng cao (🟢+🟡+⚪)")),AND(C70="⚪ Tùy chọn",'📋 Thông Tin'!$D$10="Nâng cao (🟢+🟡+⚪)"))),"✓ Có","✗ Không") -> ✗ Không | E70: =IF(D70="✓ Có",VLOOKUP(B70,'Hệ Số'!B:C,2,FALSE),0) -> 0
A73: 💰 TỔNG KẾT TỰ ĐỘNG
A74: 📊 Tổng hệ số (features đã chọn) | E74: =SUM(E5:E70) -> 0
A75: × Hệ số × 1.5 | E75: =E74*1.5 -> 0
A76: 📅 Số ngày | E76: =CEILING(E75/8,1) -> 0
A77: 💰 GIÁ DỰ KIẾN | E77: =E76*1000000 -> 0
A79: 💳 Đặt cọc (40%) | E79: =E77*0.4 -> 0
A80: 💳 Thanh toán nghiệm thu (60%) | E80: =E77*0.6 -> 0
A82: 💡 Chọn Loại website + Gói ở sheet "📋 Thông Tin" → Có/Không tự động theo gói. Có thể ghi đè thủ công.

Sheet E-commerce
A1: 📋 E-COMMERCE — BẢNG TÍNH NĂNG
A3: STT | B3: Tính năng | C3: Mức độ | D3: Có / Không | E3: Hệ số | F3: Ghi chú
A4: ⚙️ CORE (Trang cơ bản)
A5: 1 | B5: Homepage (hero + sections + CTA) | C5: 🟢 Bắt buộc | D5: =IF(AND('📋 Thông Tin'!$B$10="E-commerce",OR(C5="🟢 Bắt buộc",AND(C5="🟡 Nên có",OR('📋 Thông Tin'!$D$10="Phổ thông (🟢+🟡)",'📋 Thông Tin'!$D$10="Nâng cao (🟢+🟡+⚪)")),AND(C5="⚪ Tùy chọn",'📋 Thông Tin'!$D$10="Nâng cao (🟢+🟡+⚪)"))),"✓ Có","✗ Không") -> ✗ Không | E5: =IF(D5="✓ Có",VLOOKUP(B5,'Hệ Số'!B:C,2,FALSE),0) -> 0
A6: 2 | B6: About Page | C6: 🟡 Nên có | D6: =IF(AND('📋 Thông Tin'!$B$10="E-commerce",OR(C6="🟢 Bắt buộc",AND(C6="🟡 Nên có",OR('📋 Thông Tin'!$D$10="Phổ thông (🟢+🟡)",'📋 Thông Tin'!$D$10="Nâng cao (🟢+🟡+⚪)")),AND(C6="⚪ Tùy chọn",'📋 Thông Tin'!$D$10="Nâng cao (🟢+🟡+⚪)"))),"✓ Có","✗ Không") -> ✗ Không | E6: =IF(D6="✓ Có",VLOOKUP(B6,'Hệ Số'!B:C,2,FALSE),0) -> 0
A7: 3 | B7: Contact Page (form + map + info) | C7: 🟡 Nên có | D7: =IF(AND('📋 Thông Tin'!$B$10="E-commerce",OR(C7="🟢 Bắt buộc",AND(C7="🟡 Nên có",OR('📋 Thông Tin'!$D$10="Phổ thông (🟢+🟡)",'📋 Thông Tin'!$D$10="Nâng cao (🟢+🟡+⚪)")),AND(C7="⚪ Tùy chọn",'📋 Thông Tin'!$D$10="Nâng cao (🟢+🟡+⚪)"))),"✓ Có","✗ Không") -> ✗ Không | E7: =IF(D7="✓ Có",VLOOKUP(B7,'Hệ Số'!B:C,2,FALSE),0) -> 0
A8: 4 | B8: 404 Page | C8: 🟢 Bắt buộc | D8: =IF(AND('📋 Thông Tin'!$B$10="E-commerce",OR(C8="🟢 Bắt buộc",AND(C8="🟡 Nên có",OR('📋 Thông Tin'!$D$10="Phổ thông (🟢+🟡)",'📋 Thông Tin'!$D$10="Nâng cao (🟢+🟡+⚪)")),AND(C8="⚪ Tùy chọn",'📋 Thông Tin'!$D$10="Nâng cao (🟢+🟡+⚪)"))),"✓ Có","✗ Không") -> ✗ Không | E8: =IF(D8="✓ Có",VLOOKUP(B8,'Hệ Số'!B:C,2,FALSE),0) -> 0
A9: 5 | B9: Footer + Header | C9: 🟢 Bắt buộc | D9: =IF(AND('📋 Thông Tin'!$B$10="E-commerce",OR(C9="🟢 Bắt buộc",AND(C9="🟡 Nên có",OR('📋 Thông Tin'!$D$10="Phổ thông (🟢+🟡)",'📋 Thông Tin'!$D$10="Nâng cao (🟢+🟡+⚪)")),AND(C9="⚪ Tùy chọn",'📋 Thông Tin'!$D$10="Nâng cao (🟢+🟡+⚪)"))),"✓ Có","✗ Không") -> ✗ Không | E9: =IF(D9="✓ Có",VLOOKUP(B9,'Hệ Số'!B:C,2,FALSE),0) -> 0 | F9: Responsive nav, logo
A10: 6 | B10: Form liên hệ (gửi email) | C10: 🟡 Nên có | D10: =IF(AND('📋 Thông Tin'!$B$10="E-commerce",OR(C10="🟢 Bắt buộc",AND(C10="🟡 Nên có",OR('📋 Thông Tin'!$D$10="Phổ thông (🟢+🟡)",'📋 Thông Tin'!$D$10="Nâng cao (🟢+🟡+⚪)")),AND(C10="⚪ Tùy chọn",'📋 Thông Tin'!$D$10="Nâng cao (🟢+🟡+⚪)"))),"✓ Có","✗ Không") -> ✗ Không | E10: =IF(D10="✓ Có",VLOOKUP(B10,'Hệ Số'!B:C,2,FALSE),0) -> 0
A11: 7 | B11: FAB (Floating Action Button) | C11: 🟡 Nên có | D11: =IF(AND('📋 Thông Tin'!$B$10="E-commerce",OR(C11="🟢 Bắt buộc",AND(C11="🟡 Nên có",OR('📋 Thông Tin'!$D$10="Phổ thông (🟢+🟡)",'📋 Thông Tin'!$D$10="Nâng cao (🟢+🟡+⚪)")),AND(C11="⚪ Tùy chọn",'📋 Thông Tin'!$D$10="Nâng cao (🟢+🟡+⚪)"))),"✓ Có","✗ Không") -> ✗ Không | E11: =IF(D11="✓ Có",VLOOKUP(B11,'Hệ Số'!B:C,2,FALSE),0) -> 0 | F11: Nút nổi: gọi/Zalo/Messenger
A12: 8 | B12: Google Maps nhúng | C12: ⚪ Tùy chọn | D12: =IF(AND('📋 Thông Tin'!$B$10="E-commerce",OR(C12="🟢 Bắt buộc",AND(C12="🟡 Nên có",OR('📋 Thông Tin'!$D$10="Phổ thông (🟢+🟡)",'📋 Thông Tin'!$D$10="Nâng cao (🟢+🟡+⚪)")),AND(C12="⚪ Tùy chọn",'📋 Thông Tin'!$D$10="Nâng cao (🟢+🟡+⚪)"))),"✓ Có","✗ Không") -> ✗ Không | E12: =IF(D12="✓ Có",VLOOKUP(B12,'Hệ Số'!B:C,2,FALSE),0) -> 0
A13: 9 | B13: Nút gọi điện / Zalo / Messenger | C13: 🟡 Nên có | D13: =IF(AND('📋 Thông Tin'!$B$10="E-commerce",OR(C13="🟢 Bắt buộc",AND(C13="🟡 Nên có",OR('📋 Thông Tin'!$D$10="Phổ thông (🟢+🟡)",'📋 Thông Tin'!$D$10="Nâng cao (🟢+🟡+⚪)")),AND(C13="⚪ Tùy chọn",'📋 Thông Tin'!$D$10="Nâng cao (🟢+🟡+⚪)"))),"✓ Có","✗ Không") -> ✗ Không | E13: =IF(D13="✓ Có",VLOOKUP(B13,'Hệ Số'!B:C,2,FALSE),0) -> 0 | F13: Nếu không dùng FAB
A14: 📝 NỘI DUNG
A15: 10 | B15: Services/Products List | C15: 🟢 Bắt buộc | D15: =IF(AND('📋 Thông Tin'!$B$10="E-commerce",OR(C15="🟢 Bắt buộc",AND(C15="🟡 Nên có",OR('📋 Thông Tin'!$D$10="Phổ thông (🟢+🟡)",'📋 Thông Tin'!$D$10="Nâng cao (🟢+🟡+⚪)")),AND(C15="⚪ Tùy chọn",'📋 Thông Tin'!$D$10="Nâng cao (🟢+🟡+⚪)"))),"✓ Có","✗ Không") -> ✗ Không | E15: =IF(D15="✓ Có",VLOOKUP(B15,'Hệ Số'!B:C,2,FALSE),0) -> 0 | F15: Danh sách dịch vụ/sản phẩm
A16: 11 | B16: Service/Product Detail | C16: 🟢 Bắt buộc | D16: =IF(AND('📋 Thông Tin'!$B$10="E-commerce",OR(C16="🟢 Bắt buộc",AND(C16="🟡 Nên có",OR('📋 Thông Tin'!$D$10="Phổ thông (🟢+🟡)",'📋 Thông Tin'!$D$10="Nâng cao (🟢+🟡+⚪)")),AND(C16="⚪ Tùy chọn",'📋 Thông Tin'!$D$10="Nâng cao (🟢+🟡+⚪)"))),"✓ Có","✗ Không") -> ✗ Không | E16: =IF(D16="✓ Có",VLOOKUP(B16,'Hệ Số'!B:C,2,FALSE),0) -> 0 | F16: Trang chi tiết
A17: 12 | B17: Portfolio/Gallery Grid | C17: ⚪ Tùy chọn | D17: =IF(AND('📋 Thông Tin'!$B$10="E-commerce",OR(C17="🟢 Bắt buộc",AND(C17="🟡 Nên có",OR('📋 Thông Tin'!$D$10="Phổ thông (🟢+🟡)",'📋 Thông Tin'!$D$10="Nâng cao (🟢+🟡+⚪)")),AND(C17="⚪ Tùy chọn",'📋 Thông Tin'!$D$10="Nâng cao (🟢+🟡+⚪)"))),"✓ Có","✗ Không") -> ✗ Không | E17: =IF(D17="✓ Có",VLOOKUP(B17,'Hệ Số'!B:C,2,FALSE),0) -> 0 | F17: Lưới dự án/album ảnh
A18: 13 | B18: Portfolio Detail | C18: ⚪ Tùy chọn | D18: =IF(AND('📋 Thông Tin'!$B$10="E-commerce",OR(C18="🟢 Bắt buộc",AND(C18="🟡 Nên có",OR('📋 Thông Tin'!$D$10="Phổ thông (🟢+🟡)",'📋 Thông Tin'!$D$10="Nâng cao (🟢+🟡+⚪)")),AND(C18="⚪ Tùy chọn",'📋 Thông Tin'!$D$10="Nâng cao (🟢+🟡+⚪)"))),"✓ Có","✗ Không") -> ✗ Không | E18: =IF(D18="✓ Có",VLOOKUP(B18,'Hệ Số'!B:C,2,FALSE),0) -> 0 | F18: Chi tiết dự án
A19: 14 | B19: Blog List + Detail | C19: ⚪ Tùy chọn | D19: =IF(AND('📋 Thông Tin'!$B$10="E-commerce",OR(C19="🟢 Bắt buộc",AND(C19="🟡 Nên có",OR('📋 Thông Tin'!$D$10="Phổ thông (🟢+🟡)",'📋 Thông Tin'!$D$10="Nâng cao (🟢+🟡+⚪)")),AND(C19="⚪ Tùy chọn",'📋 Thông Tin'!$D$10="Nâng cao (🟢+🟡+⚪)"))),"✓ Có","✗ Không") -> ✗ Không | E19: =IF(D19="✓ Có",VLOOKUP(B19,'Hệ Số'!B:C,2,FALSE),0) -> 0 | F19: Bài viết + phân loại + tag
A20: 15 | B20: FAQ Page | C20: 🟡 Nên có | D20: =IF(AND('📋 Thông Tin'!$B$10="E-commerce",OR(C20="🟢 Bắt buộc",AND(C20="🟡 Nên có",OR('📋 Thông Tin'!$D$10="Phổ thông (🟢+🟡)",'📋 Thông Tin'!$D$10="Nâng cao (🟢+🟡+⚪)")),AND(C20="⚪ Tùy chọn",'📋 Thông Tin'!$D$10="Nâng cao (🟢+🟡+⚪)"))),"✓ Có","✗ Không") -> ✗ Không | E20: =IF(D20="✓ Có",VLOOKUP(B20,'Hệ Số'!B:C,2,FALSE),0) -> 0 | F20: Accordion Q&A
A21: 16 | B21: Testimonials Section | C21: 🟡 Nên có | D21: =IF(AND('📋 Thông Tin'!$B$10="E-commerce",OR(C21="🟢 Bắt buộc",AND(C21="🟡 Nên có",OR('📋 Thông Tin'!$D$10="Phổ thông (🟢+🟡)",'📋 Thông Tin'!$D$10="Nâng cao (🟢+🟡+⚪)")),AND(C21="⚪ Tùy chọn",'📋 Thông Tin'!$D$10="Nâng cao (🟢+🟡+⚪)"))),"✓ Có","✗ Không") -> ✗ Không | E21: =IF(D21="✓ Có",VLOOKUP(B21,'Hệ Số'!B:C,2,FALSE),0) -> 0 | F21: Đánh giá khách hàng
A22: 17 | B22: Video nhúng (YouTube, Vimeo) | C22: ⚪ Tùy chọn | D22: =IF(AND('📋 Thông Tin'!$B$10="E-commerce",OR(C22="🟢 Bắt buộc",AND(C22="🟡 Nên có",OR('📋 Thông Tin'!$D$10="Phổ thông (🟢+🟡)",'📋 Thông Tin'!$D$10="Nâng cao (🟢+🟡+⚪)")),AND(C22="⚪ Tùy chọn",'📋 Thông Tin'!$D$10="Nâng cao (🟢+🟡+⚪)"))),"✓ Có","✗ Không") -> ✗ Không | E22: =IF(D22="✓ Có",VLOOKUP(B22,'Hệ Số'!B:C,2,FALSE),0) -> 0
A23: 18 | B23: Banner / Slider quản lý | C23: 🟡 Nên có | D23: =IF(AND('📋 Thông Tin'!$B$10="E-commerce",OR(C23="🟢 Bắt buộc",AND(C23="🟡 Nên có",OR('📋 Thông Tin'!$D$10="Phổ thông (🟢+🟡)",'📋 Thông Tin'!$D$10="Nâng cao (🟢+🟡+⚪)")),AND(C23="⚪ Tùy chọn",'📋 Thông Tin'!$D$10="Nâng cao (🟢+🟡+⚪)"))),"✓ Có","✗ Không") -> ✗ Không | E23: =IF(D23="✓ Có",VLOOKUP(B23,'Hệ Số'!B:C,2,FALSE),0) -> 0 | F23: Admin quản lý banner
A24: 19 | B24: Đánh giá / Review sản phẩm | C24: 🟡 Nên có | D24: =IF(AND('📋 Thông Tin'!$B$10="E-commerce",OR(C24="🟢 Bắt buộc",AND(C24="🟡 Nên có",OR('📋 Thông Tin'!$D$10="Phổ thông (🟢+🟡)",'📋 Thông Tin'!$D$10="Nâng cao (🟢+🟡+⚪)")),AND(C24="⚪ Tùy chọn",'📋 Thông Tin'!$D$10="Nâng cao (🟢+🟡+⚪)"))),"✓ Có","✗ Không") -> ✗ Không | E24: =IF(D24="✓ Có",VLOOKUP(B24,'Hệ Số'!B:C,2,FALSE),0) -> 0 | F24: Rating + comment
A25: 🛒 BOOKING & THƯƠNG MẠI
A26: 20 | B26: Shopping Cart | C26: 🟢 Bắt buộc | D26: =IF(AND('📋 Thông Tin'!$B$10="E-commerce",OR(C26="🟢 Bắt buộc",AND(C26="🟡 Nên có",OR('📋 Thông Tin'!$D$10="Phổ thông (🟢+🟡)",'📋 Thông Tin'!$D$10="Nâng cao (🟢+🟡+⚪)")),AND(C26="⚪ Tùy chọn",'📋 Thông Tin'!$D$10="Nâng cao (🟢+🟡+⚪)"))),"✓ Có","✗ Không") -> ✗ Không | E26: =IF(D26="✓ Có",VLOOKUP(B26,'Hệ Số'!B:C,2,FALSE),0) -> 0 | F26: Giỏ hàng
A27: 21 | B27: Checkout + Payment (Stripe/VNPay) | C27: 🟢 Bắt buộc | D27: =IF(AND('📋 Thông Tin'!$B$10="E-commerce",OR(C27="🟢 Bắt buộc",AND(C27="🟡 Nên có",OR('📋 Thông Tin'!$D$10="Phổ thông (🟢+🟡)",'📋 Thông Tin'!$D$10="Nâng cao (🟢+🟡+⚪)")),AND(C27="⚪ Tùy chọn",'📋 Thông Tin'!$D$10="Nâng cao (🟢+🟡+⚪)"))),"✓ Có","✗ Không") -> ✗ Không | E27: =IF(D27="✓ Có",VLOOKUP(B27,'Hệ Số'!B:C,2,FALSE),0) -> 0 | F27: Thanh toán online
A28: 22 | B28: Order Tracking | C28: 🟡 Nên có | D28: =IF(AND('📋 Thông Tin'!$B$10="E-commerce",OR(C28="🟢 Bắt buộc",AND(C28="🟡 Nên có",OR('📋 Thông Tin'!$D$10="Phổ thông (🟢+🟡)",'📋 Thông Tin'!$D$10="Nâng cao (🟢+🟡+⚪)")),AND(C28="⚪ Tùy chọn",'📋 Thông Tin'!$D$10="Nâng cao (🟢+🟡+⚪)"))),"✓ Có","✗ Không") -> ✗ Không | E28: =IF(D28="✓ Có",VLOOKUP(B28,'Hệ Số'!B:C,2,FALSE),0) -> 0 | F28: Theo dõi đơn hàng
A29: 23 | B29: Mã giảm giá / Voucher | C29: 🟡 Nên có | D29: =IF(AND('📋 Thông Tin'!$B$10="E-commerce",OR(C29="🟢 Bắt buộc",AND(C29="🟡 Nên có",OR('📋 Thông Tin'!$D$10="Phổ thông (🟢+🟡)",'📋 Thông Tin'!$D$10="Nâng cao (🟢+🟡+⚪)")),AND(C29="⚪ Tùy chọn",'📋 Thông Tin'!$D$10="Nâng cao (🟢+🟡+⚪)"))),"✓ Có","✗ Không") -> ✗ Không | E29: =IF(D29="✓ Có",VLOOKUP(B29,'Hệ Số'!B:C,2,FALSE),0) -> 0 | F29: Coupon system
A30: 📊 ADMIN & QUẢN TRỊ
A31: 24 | B31: Dashboard Admin (CRUD cơ bản) | C31: 🟡 Nên có | D31: =IF(AND('📋 Thông Tin'!$B$10="E-commerce",OR(C31="🟢 Bắt buộc",AND(C31="🟡 Nên có",OR('📋 Thông Tin'!$D$10="Phổ thông (🟢+🟡)",'📋 Thông Tin'!$D$10="Nâng cao (🟢+🟡+⚪)")),AND(C31="⚪ Tùy chọn",'📋 Thông Tin'!$D$10="Nâng cao (🟢+🟡+⚪)"))),"✓ Có","✗ Không") -> ✗ Không | E31: =IF(D31="✓ Có",VLOOKUP(B31,'Hệ Số'!B:C,2,FALSE),0) -> 0 | F31: Quản lý dữ liệu
A32: 25 | B32: Dashboard Full (CRUD + analytics) | C32: ⚪ Tùy chọn | D32: =IF(AND('📋 Thông Tin'!$B$10="E-commerce",OR(C32="🟢 Bắt buộc",AND(C32="🟡 Nên có",OR('📋 Thông Tin'!$D$10="Phổ thông (🟢+🟡)",'📋 Thông Tin'!$D$10="Nâng cao (🟢+🟡+⚪)")),AND(C32="⚪ Tùy chọn",'📋 Thông Tin'!$D$10="Nâng cao (🟢+🟡+⚪)"))),"✓ Có","✗ Không") -> ✗ Không | E32: =IF(D32="✓ Có",VLOOKUP(B32,'Hệ Số'!B:C,2,FALSE),0) -> 0 | F32: Charts, KPIs, reports
A33: 26 | B33: Site Config Editor | C33: ⚪ Tùy chọn | D33: =IF(AND('📋 Thông Tin'!$B$10="E-commerce",OR(C33="🟢 Bắt buộc",AND(C33="🟡 Nên có",OR('📋 Thông Tin'!$D$10="Phổ thông (🟢+🟡)",'📋 Thông Tin'!$D$10="Nâng cao (🟢+🟡+⚪)")),AND(C33="⚪ Tùy chọn",'📋 Thông Tin'!$D$10="Nâng cao (🟢+🟡+⚪)"))),"✓ Có","✗ Không") -> ✗ Không | E33: =IF(D33="✓ Có",VLOOKUP(B33,'Hệ Số'!B:C,2,FALSE),0) -> 0 | F33: Cài đặt hệ thống
A34: 27 | B34: User Management | C34: 🟡 Nên có | D34: =IF(AND('📋 Thông Tin'!$B$10="E-commerce",OR(C34="🟢 Bắt buộc",AND(C34="🟡 Nên có",OR('📋 Thông Tin'!$D$10="Phổ thông (🟢+🟡)",'📋 Thông Tin'!$D$10="Nâng cao (🟢+🟡+⚪)")),AND(C34="⚪ Tùy chọn",'📋 Thông Tin'!$D$10="Nâng cao (🟢+🟡+⚪)"))),"✓ Có","✗ Không") -> ✗ Không | E34: =IF(D34="✓ Có",VLOOKUP(B34,'Hệ Số'!B:C,2,FALSE),0) -> 0 | F34: Quản lý tài khoản
A35: 28 | B35: Xuất báo cáo (Excel, PDF) | C35: 🟡 Nên có | D35: =IF(AND('📋 Thông Tin'!$B$10="E-commerce",OR(C35="🟢 Bắt buộc",AND(C35="🟡 Nên có",OR('📋 Thông Tin'!$D$10="Phổ thông (🟢+🟡)",'📋 Thông Tin'!$D$10="Nâng cao (🟢+🟡+⚪)")),AND(C35="⚪ Tùy chọn",'📋 Thông Tin'!$D$10="Nâng cao (🟢+🟡+⚪)"))),"✓ Có","✗ Không") -> ✗ Không | E35: =IF(D35="✓ Có",VLOOKUP(B35,'Hệ Số'!B:C,2,FALSE),0) -> 0 | F35: Export reports
A36: 🔐 TÀI KHOẢN & BẢO MẬT
A37: 29 | B37: Login/Register (Firebase Auth) | C37: 🟢 Bắt buộc | D37: =IF(AND('📋 Thông Tin'!$B$10="E-commerce",OR(C37="🟢 Bắt buộc",AND(C37="🟡 Nên có",OR('📋 Thông Tin'!$D$10="Phổ thông (🟢+🟡)",'📋 Thông Tin'!$D$10="Nâng cao (🟢+🟡+⚪)")),AND(C37="⚪ Tùy chọn",'📋 Thông Tin'!$D$10="Nâng cao (🟢+🟡+⚪)"))),"✓ Có","✗ Không") -> ✗ Không | E37: =IF(D37="✓ Có",VLOOKUP(B37,'Hệ Số'!B:C,2,FALSE),0) -> 0
A38: 30 | B38: Social Login (Google/Facebook) | C38: 🟡 Nên có | D38: =IF(AND('📋 Thông Tin'!$B$10="E-commerce",OR(C38="🟢 Bắt buộc",AND(C38="🟡 Nên có",OR('📋 Thông Tin'!$D$10="Phổ thông (🟢+🟡)",'📋 Thông Tin'!$D$10="Nâng cao (🟢+🟡+⚪)")),AND(C38="⚪ Tùy chọn",'📋 Thông Tin'!$D$10="Nâng cao (🟢+🟡+⚪)"))),"✓ Có","✗ Không") -> ✗ Không | E38: =IF(D38="✓ Có",VLOOKUP(B38,'Hệ Số'!B:C,2,FALSE),0) -> 0 | F38: OAuth2
A39: 31 | B39: Role-based Access | C39: 🟡 Nên có | D39: =IF(AND('📋 Thông Tin'!$B$10="E-commerce",OR(C39="🟢 Bắt buộc",AND(C39="🟡 Nên có",OR('📋 Thông Tin'!$D$10="Phổ thông (🟢+🟡)",'📋 Thông Tin'!$D$10="Nâng cao (🟢+🟡+⚪)")),AND(C39="⚪ Tùy chọn",'📋 Thông Tin'!$D$10="Nâng cao (🟢+🟡+⚪)"))),"✓ Có","✗ Không") -> ✗ Không | E39: =IF(D39="✓ Có",VLOOKUP(B39,'Hệ Số'!B:C,2,FALSE),0) -> 0 | F39: Phân quyền Admin/User/Staff
A40: 🔔 THÔNG BÁO
A41: 32 | B41: Email notification | C41: 🟡 Nên có | D41: =IF(AND('📋 Thông Tin'!$B$10="E-commerce",OR(C41="🟢 Bắt buộc",AND(C41="🟡 Nên có",OR('📋 Thông Tin'!$D$10="Phổ thông (🟢+🟡)",'📋 Thông Tin'!$D$10="Nâng cao (🟢+🟡+⚪)")),AND(C41="⚪ Tùy chọn",'📋 Thông Tin'!$D$10="Nâng cao (🟢+🟡+⚪)"))),"✓ Có","✗ Không") -> ✗ Không | E41: =IF(D41="✓ Có",VLOOKUP(B41,'Hệ Số'!B:C,2,FALSE),0) -> 0 | F41: SendGrid
A42: 33 | B42: Admin dashboard notification | C42: 🟡 Nên có | D42: =IF(AND('📋 Thông Tin'!$B$10="E-commerce",OR(C42="🟢 Bắt buộc",AND(C42="🟡 Nên có",OR('📋 Thông Tin'!$D$10="Phổ thông (🟢+🟡)",'📋 Thông Tin'!$D$10="Nâng cao (🟢+🟡+⚪)")),AND(C42="⚪ Tùy chọn",'📋 Thông Tin'!$D$10="Nâng cao (🟢+🟡+⚪)"))),"✓ Có","✗ Không") -> ✗ Không | E42: =IF(D42="✓ Có",VLOOKUP(B42,'Hệ Số'!B:C,2,FALSE),0) -> 0 | F42: Chuông thông báo
A43: 34 | B43: FCM Push Notification | C43: 🟡 Nên có | D43: =IF(AND('📋 Thông Tin'!$B$10="E-commerce",OR(C43="🟢 Bắt buộc",AND(C43="🟡 Nên có",OR('📋 Thông Tin'!$D$10="Phổ thông (🟢+🟡)",'📋 Thông Tin'!$D$10="Nâng cao (🟢+🟡+⚪)")),AND(C43="⚪ Tùy chọn",'📋 Thông Tin'!$D$10="Nâng cao (🟢+🟡+⚪)"))),"✓ Có","✗ Không") -> ✗ Không | E43: =IF(D43="✓ Có",VLOOKUP(B43,'Hệ Số'!B:C,2,FALSE),0) -> 0 | F43: Push trình duyệt
A44: 35 | B44: SMS Notification | C44: ⚪ Tùy chọn | D44: =IF(AND('📋 Thông Tin'!$B$10="E-commerce",OR(C44="🟢 Bắt buộc",AND(C44="🟡 Nên có",OR('📋 Thông Tin'!$D$10="Phổ thông (🟢+🟡)",'📋 Thông Tin'!$D$10="Nâng cao (🟢+🟡+⚪)")),AND(C44="⚪ Tùy chọn",'📋 Thông Tin'!$D$10="Nâng cao (🟢+🟡+⚪)"))),"✓ Có","✗ Không") -> ✗ Không | E44: =IF(D44="✓ Có",VLOOKUP(B44,'Hệ Số'!B:C,2,FALSE),0) -> 0
A45: 36 | B45: In-app Notification | C45: ⚪ Tùy chọn | D45: =IF(AND('📋 Thông Tin'!$B$10="E-commerce",OR(C45="🟢 Bắt buộc",AND(C45="🟡 Nên có",OR('📋 Thông Tin'!$D$10="Phổ thông (🟢+🟡)",'📋 Thông Tin'!$D$10="Nâng cao (🟢+🟡+⚪)")),AND(C45="⚪ Tùy chọn",'📋 Thông Tin'!$D$10="Nâng cao (🟢+🟡+⚪)"))),"✓ Có","✗ Không") -> ✗ Không | E45: =IF(D45="✓ Có",VLOOKUP(B45,'Hệ Số'!B:C,2,FALSE),0) -> 0 | F45: Thông báo trong app
A46: 🔧 KỸ THUẬT
A47: 37 | B47: Responsive (mobile + tablet) | C47: 🟢 Bắt buộc | D47: =IF(AND('📋 Thông Tin'!$B$10="E-commerce",OR(C47="🟢 Bắt buộc",AND(C47="🟡 Nên có",OR('📋 Thông Tin'!$D$10="Phổ thông (🟢+🟡)",'📋 Thông Tin'!$D$10="Nâng cao (🟢+🟡+⚪)")),AND(C47="⚪ Tùy chọn",'📋 Thông Tin'!$D$10="Nâng cao (🟢+🟡+⚪)"))),"✓ Có","✗ Không") -> ✗ Không | E47: =IF(D47="✓ Có",VLOOKUP(B47,'Hệ Số'!B:C,2,FALSE),0) -> 0
A48: 38 | B48: SEO cơ bản (meta, sitemap, robots) | C48: 🟢 Bắt buộc | D48: =IF(AND('📋 Thông Tin'!$B$10="E-commerce",OR(C48="🟢 Bắt buộc",AND(C48="🟡 Nên có",OR('📋 Thông Tin'!$D$10="Phổ thông (🟢+🟡)",'📋 Thông Tin'!$D$10="Nâng cao (🟢+🟡+⚪)")),AND(C48="⚪ Tùy chọn",'📋 Thông Tin'!$D$10="Nâng cao (🟢+🟡+⚪)"))),"✓ Có","✗ Không") -> ✗ Không | E48: =IF(D48="✓ Có",VLOOKUP(B48,'Hệ Số'!B:C,2,FALSE),0) -> 0
A49: 39 | B49: SEO nâng cao (schema markup) | C49: 🟡 Nên có | D49: =IF(AND('📋 Thông Tin'!$B$10="E-commerce",OR(C49="🟢 Bắt buộc",AND(C49="🟡 Nên có",OR('📋 Thông Tin'!$D$10="Phổ thông (🟢+🟡)",'📋 Thông Tin'!$D$10="Nâng cao (🟢+🟡+⚪)")),AND(C49="⚪ Tùy chọn",'📋 Thông Tin'!$D$10="Nâng cao (🟢+🟡+⚪)"))),"✓ Có","✗ Không") -> ✗ Không | E49: =IF(D49="✓ Có",VLOOKUP(B49,'Hệ Số'!B:C,2,FALSE),0) -> 0 | F49: Rich snippets
A50: 40 | B50: Open Graph (share Facebook đẹp) | C50: 🟡 Nên có | D50: =IF(AND('📋 Thông Tin'!$B$10="E-commerce",OR(C50="🟢 Bắt buộc",AND(C50="🟡 Nên có",OR('📋 Thông Tin'!$D$10="Phổ thông (🟢+🟡)",'📋 Thông Tin'!$D$10="Nâng cao (🟢+🟡+⚪)")),AND(C50="⚪ Tùy chọn",'📋 Thông Tin'!$D$10="Nâng cao (🟢+🟡+⚪)"))),"✓ Có","✗ Không") -> ✗ Không | E50: =IF(D50="✓ Có",VLOOKUP(B50,'Hệ Số'!B:C,2,FALSE),0) -> 0
A51: 41 | B51: Google Analytics / Tag Manager | C51: 🟡 Nên có | D51: =IF(AND('📋 Thông Tin'!$B$10="E-commerce",OR(C51="🟢 Bắt buộc",AND(C51="🟡 Nên có",OR('📋 Thông Tin'!$D$10="Phổ thông (🟢+🟡)",'📋 Thông Tin'!$D$10="Nâng cao (🟢+🟡+⚪)")),AND(C51="⚪ Tùy chọn",'📋 Thông Tin'!$D$10="Nâng cao (🟢+🟡+⚪)"))),"✓ Có","✗ Không") -> ✗ Không | E51: =IF(D51="✓ Có",VLOOKUP(B51,'Hệ Số'!B:C,2,FALSE),0) -> 0
A52: 42 | B52: Facebook Pixel | C52: 🟡 Nên có | D52: =IF(AND('📋 Thông Tin'!$B$10="E-commerce",OR(C52="🟢 Bắt buộc",AND(C52="🟡 Nên có",OR('📋 Thông Tin'!$D$10="Phổ thông (🟢+🟡)",'📋 Thông Tin'!$D$10="Nâng cao (🟢+🟡+⚪)")),AND(C52="⚪ Tùy chọn",'📋 Thông Tin'!$D$10="Nâng cao (🟢+🟡+⚪)"))),"✓ Có","✗ Không") -> ✗ Không | E52: =IF(D52="✓ Có",VLOOKUP(B52,'Hệ Số'!B:C,2,FALSE),0) -> 0
A53: 43 | B53: SSL Certificate (HTTPS) | C53: 🟢 Bắt buộc | D53: =IF(AND('📋 Thông Tin'!$B$10="E-commerce",OR(C53="🟢 Bắt buộc",AND(C53="🟡 Nên có",OR('📋 Thông Tin'!$D$10="Phổ thông (🟢+🟡)",'📋 Thông Tin'!$D$10="Nâng cao (🟢+🟡+⚪)")),AND(C53="⚪ Tùy chọn",'📋 Thông Tin'!$D$10="Nâng cao (🟢+🟡+⚪)"))),"✓ Có","✗ Không") -> ✗ Không | E53: =IF(D53="✓ Có",VLOOKUP(B53,'Hệ Số'!B:C,2,FALSE),0) -> 0 | F53: Miễn phí (Cloudflare)
A54: 44 | B54: PWA (offline + install) | C54: 🟡 Nên có | D54: =IF(AND('📋 Thông Tin'!$B$10="E-commerce",OR(C54="🟢 Bắt buộc",AND(C54="🟡 Nên có",OR('📋 Thông Tin'!$D$10="Phổ thông (🟢+🟡)",'📋 Thông Tin'!$D$10="Nâng cao (🟢+🟡+⚪)")),AND(C54="⚪ Tùy chọn",'📋 Thông Tin'!$D$10="Nâng cao (🟢+🟡+⚪)"))),"✓ Có","✗ Không") -> ✗ Không | E54: =IF(D54="✓ Có",VLOOKUP(B54,'Hệ Số'!B:C,2,FALSE),0) -> 0
A55: 45 | B55: Multi-language (i18n) | C55: ⚪ Tùy chọn | D55: =IF(AND('📋 Thông Tin'!$B$10="E-commerce",OR(C55="🟢 Bắt buộc",AND(C55="🟡 Nên có",OR('📋 Thông Tin'!$D$10="Phổ thông (🟢+🟡)",'📋 Thông Tin'!$D$10="Nâng cao (🟢+🟡+⚪)")),AND(C55="⚪ Tùy chọn",'📋 Thông Tin'!$D$10="Nâng cao (🟢+🟡+⚪)"))),"✓ Có","✗ Không") -> ✗ Không | E55: =IF(D55="✓ Có",VLOOKUP(B55,'Hệ Số'!B:C,2,FALSE),0) -> 0 | F55: VI / EN
A56: 46 | B56: Performance optimization | C56: 🟡 Nên có | D56: =IF(AND('📋 Thông Tin'!$B$10="E-commerce",OR(C56="🟢 Bắt buộc",AND(C56="🟡 Nên có",OR('📋 Thông Tin'!$D$10="Phổ thông (🟢+🟡)",'📋 Thông Tin'!$D$10="Nâng cao (🟢+🟡+⚪)")),AND(C56="⚪ Tùy chọn",'📋 Thông Tin'!$D$10="Nâng cao (🟢+🟡+⚪)"))),"✓ Có","✗ Không") -> ✗ Không | E56: =IF(D56="✓ Có",VLOOKUP(B56,'Hệ Số'!B:C,2,FALSE),0) -> 0 | F56: Lighthouse, lazy load
A57: 47 | B57: Schema Markup (Rich Snippets) | C57: 🟡 Nên có | D57: =IF(AND('📋 Thông Tin'!$B$10="E-commerce",OR(C57="🟢 Bắt buộc",AND(C57="🟡 Nên có",OR('📋 Thông Tin'!$D$10="Phổ thông (🟢+🟡)",'📋 Thông Tin'!$D$10="Nâng cao (🟢+🟡+⚪)")),AND(C57="⚪ Tùy chọn",'📋 Thông Tin'!$D$10="Nâng cao (🟢+🟡+⚪)"))),"✓ Có","✗ Không") -> ✗ Không | E57: =IF(D57="✓ Có",VLOOKUP(B57,'Hệ Số'!B:C,2,FALSE),0) -> 0
A58: 🎬 ĐỘ PHỨC TẠP THIẾT KẾ
A59: 48 | B59: GSAP scroll animations | C59: ⚪ Tùy chọn | D59: =IF(AND('📋 Thông Tin'!$B$10="E-commerce",OR(C59="🟢 Bắt buộc",AND(C59="🟡 Nên có",OR('📋 Thông Tin'!$D$10="Phổ thông (🟢+🟡)",'📋 Thông Tin'!$D$10="Nâng cao (🟢+🟡+⚪)")),AND(C59="⚪ Tùy chọn",'📋 Thông Tin'!$D$10="Nâng cao (🟢+🟡+⚪)"))),"✓ Có","✗ Không") -> ✗ Không | E59: =IF(D59="✓ Có",VLOOKUP(B59,'Hệ Số'!B:C,2,FALSE),0) -> 0 | F59: ScrollTrigger, reveal, parallax
A60: 49 | B60: Smooth scroll (Lenis) | C60: ⚪ Tùy chọn | D60: =IF(AND('📋 Thông Tin'!$B$10="E-commerce",OR(C60="🟢 Bắt buộc",AND(C60="🟡 Nên có",OR('📋 Thông Tin'!$D$10="Phổ thông (🟢+🟡)",'📋 Thông Tin'!$D$10="Nâng cao (🟢+🟡+⚪)")),AND(C60="⚪ Tùy chọn",'📋 Thông Tin'!$D$10="Nâng cao (🟢+🟡+⚪)"))),"✓ Có","✗ Không") -> ✗ Không | E60: =IF(D60="✓ Có",VLOOKUP(B60,'Hệ Số'!B:C,2,FALSE),0) -> 0
A61: 50 | B61: Page transitions | C61: ⚪ Tùy chọn | D61: =IF(AND('📋 Thông Tin'!$B$10="E-commerce",OR(C61="🟢 Bắt buộc",AND(C61="🟡 Nên có",OR('📋 Thông Tin'!$D$10="Phổ thông (🟢+🟡)",'📋 Thông Tin'!$D$10="Nâng cao (🟢+🟡+⚪)")),AND(C61="⚪ Tùy chọn",'📋 Thông Tin'!$D$10="Nâng cao (🟢+🟡+⚪)"))),"✓ Có","✗ Không") -> ✗ Không | E61: =IF(D61="✓ Có",VLOOKUP(B61,'Hệ Số'!B:C,2,FALSE),0) -> 0 | F61: Framer Motion
A62: 51 | B62: Micro-interactions | C62: ⚪ Tùy chọn | D62: =IF(AND('📋 Thông Tin'!$B$10="E-commerce",OR(C62="🟢 Bắt buộc",AND(C62="🟡 Nên có",OR('📋 Thông Tin'!$D$10="Phổ thông (🟢+🟡)",'📋 Thông Tin'!$D$10="Nâng cao (🟢+🟡+⚪)")),AND(C62="⚪ Tùy chọn",'📋 Thông Tin'!$D$10="Nâng cao (🟢+🟡+⚪)"))),"✓ Có","✗ Không") -> ✗ Không | E62: =IF(D62="✓ Có",VLOOKUP(B62,'Hệ Số'!B:C,2,FALSE),0) -> 0 | F62: Hover tilt, magnetic cursor
A63: 52 | B63: 3D elements (Three.js) | C63: ⚪ Tùy chọn | D63: =IF(AND('📋 Thông Tin'!$B$10="E-commerce",OR(C63="🟢 Bắt buộc",AND(C63="🟡 Nên có",OR('📋 Thông Tin'!$D$10="Phổ thông (🟢+🟡)",'📋 Thông Tin'!$D$10="Nâng cao (🟢+🟡+⚪)")),AND(C63="⚪ Tùy chọn",'📋 Thông Tin'!$D$10="Nâng cao (🟢+🟡+⚪)"))),"✓ Có","✗ Không") -> ✗ Không | E63: =IF(D63="✓ Có",VLOOKUP(B63,'Hệ Số'!B:C,2,FALSE),0) -> 0 | F63: Product viewer, 3D hero
A64: 53 | B64: Parallax effects | C64: ⚪ Tùy chọn | D64: =IF(AND('📋 Thông Tin'!$B$10="E-commerce",OR(C64="🟢 Bắt buộc",AND(C64="🟡 Nên có",OR('📋 Thông Tin'!$D$10="Phổ thông (🟢+🟡)",'📋 Thông Tin'!$D$10="Nâng cao (🟢+🟡+⚪)")),AND(C64="⚪ Tùy chọn",'📋 Thông Tin'!$D$10="Nâng cao (🟢+🟡+⚪)"))),"✓ Có","✗ Không") -> ✗ Không | E64: =IF(D64="✓ Có",VLOOKUP(B64,'Hệ Số'!B:C,2,FALSE),0) -> 0
A65: 54 | B65: Card/section animations | C65: ⚪ Tùy chọn | D65: =IF(AND('📋 Thông Tin'!$B$10="E-commerce",OR(C65="🟢 Bắt buộc",AND(C65="🟡 Nên có",OR('📋 Thông Tin'!$D$10="Phổ thông (🟢+🟡)",'📋 Thông Tin'!$D$10="Nâng cao (🟢+🟡+⚪)")),AND(C65="⚪ Tùy chọn",'📋 Thông Tin'!$D$10="Nâng cao (🟢+🟡+⚪)"))),"✓ Có","✗ Không") -> ✗ Không | E65: =IF(D65="✓ Có",VLOOKUP(B65,'Hệ Số'!B:C,2,FALSE),0) -> 0 | F65: Fade-in, stagger khi scroll
A66: 55 | B66: Glassmorphism + blur | C66: ⚪ Tùy chọn | D66: =IF(AND('📋 Thông Tin'!$B$10="E-commerce",OR(C66="🟢 Bắt buộc",AND(C66="🟡 Nên có",OR('📋 Thông Tin'!$D$10="Phổ thông (🟢+🟡)",'📋 Thông Tin'!$D$10="Nâng cao (🟢+🟡+⚪)")),AND(C66="⚪ Tùy chọn",'📋 Thông Tin'!$D$10="Nâng cao (🟢+🟡+⚪)"))),"✓ Có","✗ Không") -> ✗ Không | E66: =IF(D66="✓ Có",VLOOKUP(B66,'Hệ Số'!B:C,2,FALSE),0) -> 0
A67: 56 | B67: Dark mode toggle | C67: ⚪ Tùy chọn | D67: =IF(AND('📋 Thông Tin'!$B$10="E-commerce",OR(C67="🟢 Bắt buộc",AND(C67="🟡 Nên có",OR('📋 Thông Tin'!$D$10="Phổ thông (🟢+🟡)",'📋 Thông Tin'!$D$10="Nâng cao (🟢+🟡+⚪)")),AND(C67="⚪ Tùy chọn",'📋 Thông Tin'!$D$10="Nâng cao (🟢+🟡+⚪)"))),"✓ Có","✗ Không") -> ✗ Không | E67: =IF(D67="✓ Có",VLOOKUP(B67,'Hệ Số'!B:C,2,FALSE),0) -> 0
A68: 57 | B68: Custom cursor | C68: ⚪ Tùy chọn | D68: =IF(AND('📋 Thông Tin'!$B$10="E-commerce",OR(C68="🟢 Bắt buộc",AND(C68="🟡 Nên có",OR('📋 Thông Tin'!$D$10="Phổ thông (🟢+🟡)",'📋 Thông Tin'!$D$10="Nâng cao (🟢+🟡+⚪)")),AND(C68="⚪ Tùy chọn",'📋 Thông Tin'!$D$10="Nâng cao (🟢+🟡+⚪)"))),"✓ Có","✗ Không") -> ✗ Không | E68: =IF(D68="✓ Có",VLOOKUP(B68,'Hệ Số'!B:C,2,FALSE),0) -> 0
A69: ✨ NÂNG CAO
A70: 58 | B70: Live Chat (Tawk.to, Crisp) | C70: 🟡 Nên có | D70: =IF(AND('📋 Thông Tin'!$B$10="E-commerce",OR(C70="🟢 Bắt buộc",AND(C70="🟡 Nên có",OR('📋 Thông Tin'!$D$10="Phổ thông (🟢+🟡)",'📋 Thông Tin'!$D$10="Nâng cao (🟢+🟡+⚪)")),AND(C70="⚪ Tùy chọn",'📋 Thông Tin'!$D$10="Nâng cao (🟢+🟡+⚪)"))),"✓ Có","✗ Không") -> ✗ Không | E70: =IF(D70="✓ Có",VLOOKUP(B70,'Hệ Số'!B:C,2,FALSE),0) -> 0 | F70: Embed widget
A71: 59 | B71: AI Chatbot | C71: ⚪ Tùy chọn | D71: =IF(AND('📋 Thông Tin'!$B$10="E-commerce",OR(C71="🟢 Bắt buộc",AND(C71="🟡 Nên có",OR('📋 Thông Tin'!$D$10="Phổ thông (🟢+🟡)",'📋 Thông Tin'!$D$10="Nâng cao (🟢+🟡+⚪)")),AND(C71="⚪ Tùy chọn",'📋 Thông Tin'!$D$10="Nâng cao (🟢+🟡+⚪)"))),"✓ Có","✗ Không") -> ✗ Không | E71: =IF(D71="✓ Có",VLOOKUP(B71,'Hệ Số'!B:C,2,FALSE),0) -> 0
A72: 60 | B72: Multi-step Form (Wizard) | C72: ⚪ Tùy chọn | D72: =IF(AND('📋 Thông Tin'!$B$10="E-commerce",OR(C72="🟢 Bắt buộc",AND(C72="🟡 Nên có",OR('📋 Thông Tin'!$D$10="Phổ thông (🟢+🟡)",'📋 Thông Tin'!$D$10="Nâng cao (🟢+🟡+⚪)")),AND(C72="⚪ Tùy chọn",'📋 Thông Tin'!$D$10="Nâng cao (🟢+🟡+⚪)"))),"✓ Có","✗ Không") -> ✗ Không | E72: =IF(D72="✓ Có",VLOOKUP(B72,'Hệ Số'!B:C,2,FALSE),0) -> 0
A73: 61 | B73: Form đặt hàng / Enquiry nâng cao | C73: 🟡 Nên có | D73: =IF(AND('📋 Thông Tin'!$B$10="E-commerce",OR(C73="🟢 Bắt buộc",AND(C73="🟡 Nên có",OR('📋 Thông Tin'!$D$10="Phổ thông (🟢+🟡)",'📋 Thông Tin'!$D$10="Nâng cao (🟢+🟡+⚪)")),AND(C73="⚪ Tùy chọn",'📋 Thông Tin'!$D$10="Nâng cao (🟢+🟡+⚪)"))),"✓ Có","✗ Không") -> ✗ Không | E73: =IF(D73="✓ Có",VLOOKUP(B73,'Hệ Số'!B:C,2,FALSE),0) -> 0
A76: 💰 TỔNG KẾT TỰ ĐỘNG
A77: 📊 Tổng hệ số (features đã chọn) | E77: =SUM(E5:E73) -> 0
A78: × Hệ số × 1.5 | E78: =E77*1.5 -> 0
A79: 📅 Số ngày (làm tròn lên) | E79: =CEILING(E78/8,1) -> 0
A80: 💰 GIÁ DỰ KIẾN | E80: =E79*1000000 -> 0
A82: 💳 Đặt cọc (40%) | E82: =E80*0.4 -> 0
A83: 💳 Thanh toán nghiệm thu (60%) | E83: =E80*0.6 -> 0
A85: 💡 Chọn Loại website + Gói ở sheet "📋 Thông Tin" → Có/Không tự động theo gói. Có thể ghi đè thủ công.

Sheet Web App
A1: 📋 WEB APP — BẢNG TÍNH NĂNG
A3: STT | B3: Tính năng | C3: Mức độ | D3: Có / Không | E3: Hệ số | F3: Ghi chú
A4: ⚙️ CORE (Trang cơ bản)
A5: 1 | B5: Homepage (hero + sections + CTA) | C5: 🟢 Bắt buộc | D5: =IF(AND('📋 Thông Tin'!$B$10="Web App",OR(C5="🟢 Bắt buộc",AND(C5="🟡 Nên có",OR('📋 Thông Tin'!$D$10="Phổ thông (🟢+🟡)",'📋 Thông Tin'!$D$10="Nâng cao (🟢+🟡+⚪)")),AND(C5="⚪ Tùy chọn",'📋 Thông Tin'!$D$10="Nâng cao (🟢+🟡+⚪)"))),"✓ Có","✗ Không") -> ✗ Không | E5: =IF(D5="✓ Có",VLOOKUP(B5,'Hệ Số'!B:C,2,FALSE),0) -> 0
A6: 2 | B6: About Page | C6: ⚪ Tùy chọn | D6: =IF(AND('📋 Thông Tin'!$B$10="Web App",OR(C6="🟢 Bắt buộc",AND(C6="🟡 Nên có",OR('📋 Thông Tin'!$D$10="Phổ thông (🟢+🟡)",'📋 Thông Tin'!$D$10="Nâng cao (🟢+🟡+⚪)")),AND(C6="⚪ Tùy chọn",'📋 Thông Tin'!$D$10="Nâng cao (🟢+🟡+⚪)"))),"✓ Có","✗ Không") -> ✗ Không | E6: =IF(D6="✓ Có",VLOOKUP(B6,'Hệ Số'!B:C,2,FALSE),0) -> 0
A7: 3 | B7: Contact Page (form + map + info) | C7: ⚪ Tùy chọn | D7: =IF(AND('📋 Thông Tin'!$B$10="Web App",OR(C7="🟢 Bắt buộc",AND(C7="🟡 Nên có",OR('📋 Thông Tin'!$D$10="Phổ thông (🟢+🟡)",'📋 Thông Tin'!$D$10="Nâng cao (🟢+🟡+⚪)")),AND(C7="⚪ Tùy chọn",'📋 Thông Tin'!$D$10="Nâng cao (🟢+🟡+⚪)"))),"✓ Có","✗ Không") -> ✗ Không | E7: =IF(D7="✓ Có",VLOOKUP(B7,'Hệ Số'!B:C,2,FALSE),0) -> 0
A8: 4 | B8: 404 Page | C8: 🟢 Bắt buộc | D8: =IF(AND('📋 Thông Tin'!$B$10="Web App",OR(C8="🟢 Bắt buộc",AND(C8="🟡 Nên có",OR('📋 Thông Tin'!$D$10="Phổ thông (🟢+🟡)",'📋 Thông Tin'!$D$10="Nâng cao (🟢+🟡+⚪)")),AND(C8="⚪ Tùy chọn",'📋 Thông Tin'!$D$10="Nâng cao (🟢+🟡+⚪)"))),"✓ Có","✗ Không") -> ✗ Không | E8: =IF(D8="✓ Có",VLOOKUP(B8,'Hệ Số'!B:C,2,FALSE),0) -> 0
A9: 5 | B9: Footer + Header | C9: 🟢 Bắt buộc | D9: =IF(AND('📋 Thông Tin'!$B$10="Web App",OR(C9="🟢 Bắt buộc",AND(C9="🟡 Nên có",OR('📋 Thông Tin'!$D$10="Phổ thông (🟢+🟡)",'📋 Thông Tin'!$D$10="Nâng cao (🟢+🟡+⚪)")),AND(C9="⚪ Tùy chọn",'📋 Thông Tin'!$D$10="Nâng cao (🟢+🟡+⚪)"))),"✓ Có","✗ Không") -> ✗ Không | E9: =IF(D9="✓ Có",VLOOKUP(B9,'Hệ Số'!B:C,2,FALSE),0) -> 0 | F9: Responsive nav, logo
A10: 6 | B10: Form liên hệ (gửi email) | C10: ⚪ Tùy chọn | D10: =IF(AND('📋 Thông Tin'!$B$10="Web App",OR(C10="🟢 Bắt buộc",AND(C10="🟡 Nên có",OR('📋 Thông Tin'!$D$10="Phổ thông (🟢+🟡)",'📋 Thông Tin'!$D$10="Nâng cao (🟢+🟡+⚪)")),AND(C10="⚪ Tùy chọn",'📋 Thông Tin'!$D$10="Nâng cao (🟢+🟡+⚪)"))),"✓ Có","✗ Không") -> ✗ Không | E10: =IF(D10="✓ Có",VLOOKUP(B10,'Hệ Số'!B:C,2,FALSE),0) -> 0
A11: 7 | B11: FAB (Floating Action Button) | C11: ⚪ Tùy chọn | D11: =IF(AND('📋 Thông Tin'!$B$10="Web App",OR(C11="🟢 Bắt buộc",AND(C11="🟡 Nên có",OR('📋 Thông Tin'!$D$10="Phổ thông (🟢+🟡)",'📋 Thông Tin'!$D$10="Nâng cao (🟢+🟡+⚪)")),AND(C11="⚪ Tùy chọn",'📋 Thông Tin'!$D$10="Nâng cao (🟢+🟡+⚪)"))),"✓ Có","✗ Không") -> ✗ Không | E11: =IF(D11="✓ Có",VLOOKUP(B11,'Hệ Số'!B:C,2,FALSE),0) -> 0 | F11: Nút nổi: gọi/Zalo/Messenger
A12: 8 | B12: Nút gọi điện / Zalo / Messenger | C12: ⚪ Tùy chọn | D12: =IF(AND('📋 Thông Tin'!$B$10="Web App",OR(C12="🟢 Bắt buộc",AND(C12="🟡 Nên có",OR('📋 Thông Tin'!$D$10="Phổ thông (🟢+🟡)",'📋 Thông Tin'!$D$10="Nâng cao (🟢+🟡+⚪)")),AND(C12="⚪ Tùy chọn",'📋 Thông Tin'!$D$10="Nâng cao (🟢+🟡+⚪)"))),"✓ Có","✗ Không") -> ✗ Không | E12: =IF(D12="✓ Có",VLOOKUP(B12,'Hệ Số'!B:C,2,FALSE),0) -> 0 | F12: Nếu không dùng FAB
A13: 📝 NỘI DUNG
A14: 9 | B14: Portfolio/Gallery Grid | C14: ⚪ Tùy chọn | D14: =IF(AND('📋 Thông Tin'!$B$10="Web App",OR(C14="🟢 Bắt buộc",AND(C14="🟡 Nên có",OR('📋 Thông Tin'!$D$10="Phổ thông (🟢+🟡)",'📋 Thông Tin'!$D$10="Nâng cao (🟢+🟡+⚪)")),AND(C14="⚪ Tùy chọn",'📋 Thông Tin'!$D$10="Nâng cao (🟢+🟡+⚪)"))),"✓ Có","✗ Không") -> ✗ Không | E14: =IF(D14="✓ Có",VLOOKUP(B14,'Hệ Số'!B:C,2,FALSE),0) -> 0 | F14: Lưới dự án/album ảnh
A15: 10 | B15: Portfolio Detail | C15: ⚪ Tùy chọn | D15: =IF(AND('📋 Thông Tin'!$B$10="Web App",OR(C15="🟢 Bắt buộc",AND(C15="🟡 Nên có",OR('📋 Thông Tin'!$D$10="Phổ thông (🟢+🟡)",'📋 Thông Tin'!$D$10="Nâng cao (🟢+🟡+⚪)")),AND(C15="⚪ Tùy chọn",'📋 Thông Tin'!$D$10="Nâng cao (🟢+🟡+⚪)"))),"✓ Có","✗ Không") -> ✗ Không | E15: =IF(D15="✓ Có",VLOOKUP(B15,'Hệ Số'!B:C,2,FALSE),0) -> 0 | F15: Chi tiết dự án
A16: 11 | B16: Blog List + Detail | C16: ⚪ Tùy chọn | D16: =IF(AND('📋 Thông Tin'!$B$10="Web App",OR(C16="🟢 Bắt buộc",AND(C16="🟡 Nên có",OR('📋 Thông Tin'!$D$10="Phổ thông (🟢+🟡)",'📋 Thông Tin'!$D$10="Nâng cao (🟢+🟡+⚪)")),AND(C16="⚪ Tùy chọn",'📋 Thông Tin'!$D$10="Nâng cao (🟢+🟡+⚪)"))),"✓ Có","✗ Không") -> ✗ Không | E16: =IF(D16="✓ Có",VLOOKUP(B16,'Hệ Số'!B:C,2,FALSE),0) -> 0 | F16: Bài viết + phân loại + tag
A17: 12 | B17: FAQ Page | C17: ⚪ Tùy chọn | D17: =IF(AND('📋 Thông Tin'!$B$10="Web App",OR(C17="🟢 Bắt buộc",AND(C17="🟡 Nên có",OR('📋 Thông Tin'!$D$10="Phổ thông (🟢+🟡)",'📋 Thông Tin'!$D$10="Nâng cao (🟢+🟡+⚪)")),AND(C17="⚪ Tùy chọn",'📋 Thông Tin'!$D$10="Nâng cao (🟢+🟡+⚪)"))),"✓ Có","✗ Không") -> ✗ Không | E17: =IF(D17="✓ Có",VLOOKUP(B17,'Hệ Số'!B:C,2,FALSE),0) -> 0 | F17: Accordion Q&A
A18: 13 | B18: Testimonials Section | C18: ⚪ Tùy chọn | D18: =IF(AND('📋 Thông Tin'!$B$10="Web App",OR(C18="🟢 Bắt buộc",AND(C18="🟡 Nên có",OR('📋 Thông Tin'!$D$10="Phổ thông (🟢+🟡)",'📋 Thông Tin'!$D$10="Nâng cao (🟢+🟡+⚪)")),AND(C18="⚪ Tùy chọn",'📋 Thông Tin'!$D$10="Nâng cao (🟢+🟡+⚪)"))),"✓ Có","✗ Không") -> ✗ Không | E18: =IF(D18="✓ Có",VLOOKUP(B18,'Hệ Số'!B:C,2,FALSE),0) -> 0 | F18: Đánh giá khách hàng
A19: 14 | B19: Video nhúng (YouTube, Vimeo) | C19: ⚪ Tùy chọn | D19: =IF(AND('📋 Thông Tin'!$B$10="Web App",OR(C19="🟢 Bắt buộc",AND(C19="🟡 Nên có",OR('📋 Thông Tin'!$D$10="Phổ thông (🟢+🟡)",'📋 Thông Tin'!$D$10="Nâng cao (🟢+🟡+⚪)")),AND(C19="⚪ Tùy chọn",'📋 Thông Tin'!$D$10="Nâng cao (🟢+🟡+⚪)"))),"✓ Có","✗ Không") -> ✗ Không | E19: =IF(D19="✓ Có",VLOOKUP(B19,'Hệ Số'!B:C,2,FALSE),0) -> 0
A20: 15 | B20: Banner / Slider quản lý | C20: ⚪ Tùy chọn | D20: =IF(AND('📋 Thông Tin'!$B$10="Web App",OR(C20="🟢 Bắt buộc",AND(C20="🟡 Nên có",OR('📋 Thông Tin'!$D$10="Phổ thông (🟢+🟡)",'📋 Thông Tin'!$D$10="Nâng cao (🟢+🟡+⚪)")),AND(C20="⚪ Tùy chọn",'📋 Thông Tin'!$D$10="Nâng cao (🟢+🟡+⚪)"))),"✓ Có","✗ Không") -> ✗ Không | E20: =IF(D20="✓ Có",VLOOKUP(B20,'Hệ Số'!B:C,2,FALSE),0) -> 0 | F20: Admin quản lý banner
A21: 16 | B21: Đánh giá / Review sản phẩm | C21: ⚪ Tùy chọn | D21: =IF(AND('📋 Thông Tin'!$B$10="Web App",OR(C21="🟢 Bắt buộc",AND(C21="🟡 Nên có",OR('📋 Thông Tin'!$D$10="Phổ thông (🟢+🟡)",'📋 Thông Tin'!$D$10="Nâng cao (🟢+🟡+⚪)")),AND(C21="⚪ Tùy chọn",'📋 Thông Tin'!$D$10="Nâng cao (🟢+🟡+⚪)"))),"✓ Có","✗ Không") -> ✗ Không | E21: =IF(D21="✓ Có",VLOOKUP(B21,'Hệ Số'!B:C,2,FALSE),0) -> 0 | F21: Rating + comment
A22: 🛒 BOOKING & THƯƠNG MẠI
A23: 17 | B23: Shopping Cart | C23: ⚪ Tùy chọn | D23: =IF(AND('📋 Thông Tin'!$B$10="Web App",OR(C23="🟢 Bắt buộc",AND(C23="🟡 Nên có",OR('📋 Thông Tin'!$D$10="Phổ thông (🟢+🟡)",'📋 Thông Tin'!$D$10="Nâng cao (🟢+🟡+⚪)")),AND(C23="⚪ Tùy chọn",'📋 Thông Tin'!$D$10="Nâng cao (🟢+🟡+⚪)"))),"✓ Có","✗ Không") -> ✗ Không | E23: =IF(D23="✓ Có",VLOOKUP(B23,'Hệ Số'!B:C,2,FALSE),0) -> 0 | F23: Giỏ hàng
A24: 18 | B24: Checkout + Payment (Stripe/VNPay) | C24: ⚪ Tùy chọn | D24: =IF(AND('📋 Thông Tin'!$B$10="Web App",OR(C24="🟢 Bắt buộc",AND(C24="🟡 Nên có",OR('📋 Thông Tin'!$D$10="Phổ thông (🟢+🟡)",'📋 Thông Tin'!$D$10="Nâng cao (🟢+🟡+⚪)")),AND(C24="⚪ Tùy chọn",'📋 Thông Tin'!$D$10="Nâng cao (🟢+🟡+⚪)"))),"✓ Có","✗ Không") -> ✗ Không | E24: =IF(D24="✓ Có",VLOOKUP(B24,'Hệ Số'!B:C,2,FALSE),0) -> 0 | F24: Thanh toán online
A25: 19 | B25: Order Tracking | C25: ⚪ Tùy chọn | D25: =IF(AND('📋 Thông Tin'!$B$10="Web App",OR(C25="🟢 Bắt buộc",AND(C25="🟡 Nên có",OR('📋 Thông Tin'!$D$10="Phổ thông (🟢+🟡)",'📋 Thông Tin'!$D$10="Nâng cao (🟢+🟡+⚪)")),AND(C25="⚪ Tùy chọn",'📋 Thông Tin'!$D$10="Nâng cao (🟢+🟡+⚪)"))),"✓ Có","✗ Không") -> ✗ Không | E25: =IF(D25="✓ Có",VLOOKUP(B25,'Hệ Số'!B:C,2,FALSE),0) -> 0 | F25: Theo dõi đơn hàng
A26: 20 | B26: Mã giảm giá / Voucher | C26: ⚪ Tùy chọn | D26: =IF(AND('📋 Thông Tin'!$B$10="Web App",OR(C26="🟢 Bắt buộc",AND(C26="🟡 Nên có",OR('📋 Thông Tin'!$D$10="Phổ thông (🟢+🟡)",'📋 Thông Tin'!$D$10="Nâng cao (🟢+🟡+⚪)")),AND(C26="⚪ Tùy chọn",'📋 Thông Tin'!$D$10="Nâng cao (🟢+🟡+⚪)"))),"✓ Có","✗ Không") -> ✗ Không | E26: =IF(D26="✓ Có",VLOOKUP(B26,'Hệ Số'!B:C,2,FALSE),0) -> 0 | F26: Coupon system
A27: 📊 ADMIN & QUẢN TRỊ
A28: 21 | B28: Dashboard Admin (CRUD cơ bản) | C28: 🟢 Bắt buộc | D28: =IF(AND('📋 Thông Tin'!$B$10="Web App",OR(C28="🟢 Bắt buộc",AND(C28="🟡 Nên có",OR('📋 Thông Tin'!$D$10="Phổ thông (🟢+🟡)",'📋 Thông Tin'!$D$10="Nâng cao (🟢+🟡+⚪)")),AND(C28="⚪ Tùy chọn",'📋 Thông Tin'!$D$10="Nâng cao (🟢+🟡+⚪)"))),"✓ Có","✗ Không") -> ✗ Không | E28: =IF(D28="✓ Có",VLOOKUP(B28,'Hệ Số'!B:C,2,FALSE),0) -> 0 | F28: Quản lý dữ liệu
A29: 22 | B29: Dashboard Full (CRUD + analytics) | C29: 🟡 Nên có | D29: =IF(AND('📋 Thông Tin'!$B$10="Web App",OR(C29="🟢 Bắt buộc",AND(C29="🟡 Nên có",OR('📋 Thông Tin'!$D$10="Phổ thông (🟢+🟡)",'📋 Thông Tin'!$D$10="Nâng cao (🟢+🟡+⚪)")),AND(C29="⚪ Tùy chọn",'📋 Thông Tin'!$D$10="Nâng cao (🟢+🟡+⚪)"))),"✓ Có","✗ Không") -> ✗ Không | E29: =IF(D29="✓ Có",VLOOKUP(B29,'Hệ Số'!B:C,2,FALSE),0) -> 0 | F29: Charts, KPIs, reports
A30: 23 | B30: Site Config Editor | C30: 🟡 Nên có | D30: =IF(AND('📋 Thông Tin'!$B$10="Web App",OR(C30="🟢 Bắt buộc",AND(C30="🟡 Nên có",OR('📋 Thông Tin'!$D$10="Phổ thông (🟢+🟡)",'📋 Thông Tin'!$D$10="Nâng cao (🟢+🟡+⚪)")),AND(C30="⚪ Tùy chọn",'📋 Thông Tin'!$D$10="Nâng cao (🟢+🟡+⚪)"))),"✓ Có","✗ Không") -> ✗ Không | E30: =IF(D30="✓ Có",VLOOKUP(B30,'Hệ Số'!B:C,2,FALSE),0) -> 0 | F30: Cài đặt hệ thống
A31: 24 | B31: User Management | C31: 🟡 Nên có | D31: =IF(AND('📋 Thông Tin'!$B$10="Web App",OR(C31="🟢 Bắt buộc",AND(C31="🟡 Nên có",OR('📋 Thông Tin'!$D$10="Phổ thông (🟢+🟡)",'📋 Thông Tin'!$D$10="Nâng cao (🟢+🟡+⚪)")),AND(C31="⚪ Tùy chọn",'📋 Thông Tin'!$D$10="Nâng cao (🟢+🟡+⚪)"))),"✓ Có","✗ Không") -> ✗ Không | E31: =IF(D31="✓ Có",VLOOKUP(B31,'Hệ Số'!B:C,2,FALSE),0) -> 0 | F31: Quản lý tài khoản
A32: 25 | B32: Xuất báo cáo (Excel, PDF) | C32: 🟡 Nên có | D32: =IF(AND('📋 Thông Tin'!$B$10="Web App",OR(C32="🟢 Bắt buộc",AND(C32="🟡 Nên có",OR('📋 Thông Tin'!$D$10="Phổ thông (🟢+🟡)",'📋 Thông Tin'!$D$10="Nâng cao (🟢+🟡+⚪)")),AND(C32="⚪ Tùy chọn",'📋 Thông Tin'!$D$10="Nâng cao (🟢+🟡+⚪)"))),"✓ Có","✗ Không") -> ✗ Không | E32: =IF(D32="✓ Có",VLOOKUP(B32,'Hệ Số'!B:C,2,FALSE),0) -> 0 | F32: Export reports
A33: 🔐 TÀI KHOẢN & BẢO MẬT
A34: 26 | B34: Login/Register (Firebase Auth) | C34: 🟢 Bắt buộc | D34: =IF(AND('📋 Thông Tin'!$B$10="Web App",OR(C34="🟢 Bắt buộc",AND(C34="🟡 Nên có",OR('📋 Thông Tin'!$D$10="Phổ thông (🟢+🟡)",'📋 Thông Tin'!$D$10="Nâng cao (🟢+🟡+⚪)")),AND(C34="⚪ Tùy chọn",'📋 Thông Tin'!$D$10="Nâng cao (🟢+🟡+⚪)"))),"✓ Có","✗ Không") -> ✗ Không | E34: =IF(D34="✓ Có",VLOOKUP(B34,'Hệ Số'!B:C,2,FALSE),0) -> 0
A35: 27 | B35: Social Login (Google/Facebook) | C35: 🟡 Nên có | D35: =IF(AND('📋 Thông Tin'!$B$10="Web App",OR(C35="🟢 Bắt buộc",AND(C35="🟡 Nên có",OR('📋 Thông Tin'!$D$10="Phổ thông (🟢+🟡)",'📋 Thông Tin'!$D$10="Nâng cao (🟢+🟡+⚪)")),AND(C35="⚪ Tùy chọn",'📋 Thông Tin'!$D$10="Nâng cao (🟢+🟡+⚪)"))),"✓ Có","✗ Không") -> ✗ Không | E35: =IF(D35="✓ Có",VLOOKUP(B35,'Hệ Số'!B:C,2,FALSE),0) -> 0 | F35: OAuth2
A36: 28 | B36: Role-based Access | C36: 🟡 Nên có | D36: =IF(AND('📋 Thông Tin'!$B$10="Web App",OR(C36="🟢 Bắt buộc",AND(C36="🟡 Nên có",OR('📋 Thông Tin'!$D$10="Phổ thông (🟢+🟡)",'📋 Thông Tin'!$D$10="Nâng cao (🟢+🟡+⚪)")),AND(C36="⚪ Tùy chọn",'📋 Thông Tin'!$D$10="Nâng cao (🟢+🟡+⚪)"))),"✓ Có","✗ Không") -> ✗ Không | E36: =IF(D36="✓ Có",VLOOKUP(B36,'Hệ Số'!B:C,2,FALSE),0) -> 0 | F36: Phân quyền Admin/User/Staff
A37: 🔔 THÔNG BÁO
A38: 29 | B38: Email notification | C38: 🟡 Nên có | D38: =IF(AND('📋 Thông Tin'!$B$10="Web App",OR(C38="🟢 Bắt buộc",AND(C38="🟡 Nên có",OR('📋 Thông Tin'!$D$10="Phổ thông (🟢+🟡)",'📋 Thông Tin'!$D$10="Nâng cao (🟢+🟡+⚪)")),AND(C38="⚪ Tùy chọn",'📋 Thông Tin'!$D$10="Nâng cao (🟢+🟡+⚪)"))),"✓ Có","✗ Không") -> ✗ Không | E38: =IF(D38="✓ Có",VLOOKUP(B38,'Hệ Số'!B:C,2,FALSE),0) -> 0 | F38: SendGrid
A39: 30 | B39: Admin dashboard notification | C39: 🟡 Nên có | D39: =IF(AND('📋 Thông Tin'!$B$10="Web App",OR(C39="🟢 Bắt buộc",AND(C39="🟡 Nên có",OR('📋 Thông Tin'!$D$10="Phổ thông (🟢+🟡)",'📋 Thông Tin'!$D$10="Nâng cao (🟢+🟡+⚪)")),AND(C39="⚪ Tùy chọn",'📋 Thông Tin'!$D$10="Nâng cao (🟢+🟡+⚪)"))),"✓ Có","✗ Không") -> ✗ Không | E39: =IF(D39="✓ Có",VLOOKUP(B39,'Hệ Số'!B:C,2,FALSE),0) -> 0 | F39: Chuông thông báo
A40: 31 | B40: FCM Push Notification | C40: 🟡 Nên có | D40: =IF(AND('📋 Thông Tin'!$B$10="Web App",OR(C40="🟢 Bắt buộc",AND(C40="🟡 Nên có",OR('📋 Thông Tin'!$D$10="Phổ thông (🟢+🟡)",'📋 Thông Tin'!$D$10="Nâng cao (🟢+🟡+⚪)")),AND(C40="⚪ Tùy chọn",'📋 Thông Tin'!$D$10="Nâng cao (🟢+🟡+⚪)"))),"✓ Có","✗ Không") -> ✗ Không | E40: =IF(D40="✓ Có",VLOOKUP(B40,'Hệ Số'!B:C,2,FALSE),0) -> 0 | F40: Push trình duyệt
A41: 32 | B41: SMS Notification | C41: ⚪ Tùy chọn | D41: =IF(AND('📋 Thông Tin'!$B$10="Web App",OR(C41="🟢 Bắt buộc",AND(C41="🟡 Nên có",OR('📋 Thông Tin'!$D$10="Phổ thông (🟢+🟡)",'📋 Thông Tin'!$D$10="Nâng cao (🟢+🟡+⚪)")),AND(C41="⚪ Tùy chọn",'📋 Thông Tin'!$D$10="Nâng cao (🟢+🟡+⚪)"))),"✓ Có","✗ Không") -> ✗ Không | E41: =IF(D41="✓ Có",VLOOKUP(B41,'Hệ Số'!B:C,2,FALSE),0) -> 0
A42: 33 | B42: In-app Notification | C42: 🟡 Nên có | D42: =IF(AND('📋 Thông Tin'!$B$10="Web App",OR(C42="🟢 Bắt buộc",AND(C42="🟡 Nên có",OR('📋 Thông Tin'!$D$10="Phổ thông (🟢+🟡)",'📋 Thông Tin'!$D$10="Nâng cao (🟢+🟡+⚪)")),AND(C42="⚪ Tùy chọn",'📋 Thông Tin'!$D$10="Nâng cao (🟢+🟡+⚪)"))),"✓ Có","✗ Không") -> ✗ Không | E42: =IF(D42="✓ Có",VLOOKUP(B42,'Hệ Số'!B:C,2,FALSE),0) -> 0 | F42: Thông báo trong app
A43: 🔧 KỸ THUẬT
A44: 34 | B44: Responsive (mobile + tablet) | C44: 🟢 Bắt buộc | D44: =IF(AND('📋 Thông Tin'!$B$10="Web App",OR(C44="🟢 Bắt buộc",AND(C44="🟡 Nên có",OR('📋 Thông Tin'!$D$10="Phổ thông (🟢+🟡)",'📋 Thông Tin'!$D$10="Nâng cao (🟢+🟡+⚪)")),AND(C44="⚪ Tùy chọn",'📋 Thông Tin'!$D$10="Nâng cao (🟢+🟡+⚪)"))),"✓ Có","✗ Không") -> ✗ Không | E44: =IF(D44="✓ Có",VLOOKUP(B44,'Hệ Số'!B:C,2,FALSE),0) -> 0
A45: 35 | B45: SEO cơ bản (meta, sitemap, robots) | C45: 🟡 Nên có | D45: =IF(AND('📋 Thông Tin'!$B$10="Web App",OR(C45="🟢 Bắt buộc",AND(C45="🟡 Nên có",OR('📋 Thông Tin'!$D$10="Phổ thông (🟢+🟡)",'📋 Thông Tin'!$D$10="Nâng cao (🟢+🟡+⚪)")),AND(C45="⚪ Tùy chọn",'📋 Thông Tin'!$D$10="Nâng cao (🟢+🟡+⚪)"))),"✓ Có","✗ Không") -> ✗ Không | E45: =IF(D45="✓ Có",VLOOKUP(B45,'Hệ Số'!B:C,2,FALSE),0) -> 0
A46: 36 | B46: SEO nâng cao (schema markup) | C46: ⚪ Tùy chọn | D46: =IF(AND('📋 Thông Tin'!$B$10="Web App",OR(C46="🟢 Bắt buộc",AND(C46="🟡 Nên có",OR('📋 Thông Tin'!$D$10="Phổ thông (🟢+🟡)",'📋 Thông Tin'!$D$10="Nâng cao (🟢+🟡+⚪)")),AND(C46="⚪ Tùy chọn",'📋 Thông Tin'!$D$10="Nâng cao (🟢+🟡+⚪)"))),"✓ Có","✗ Không") -> ✗ Không | E46: =IF(D46="✓ Có",VLOOKUP(B46,'Hệ Số'!B:C,2,FALSE),0) -> 0 | F46: Rich snippets
A47: 37 | B47: Open Graph (share Facebook đẹp) | C47: ⚪ Tùy chọn | D47: =IF(AND('📋 Thông Tin'!$B$10="Web App",OR(C47="🟢 Bắt buộc",AND(C47="🟡 Nên có",OR('📋 Thông Tin'!$D$10="Phổ thông (🟢+🟡)",'📋 Thông Tin'!$D$10="Nâng cao (🟢+🟡+⚪)")),AND(C47="⚪ Tùy chọn",'📋 Thông Tin'!$D$10="Nâng cao (🟢+🟡+⚪)"))),"✓ Có","✗ Không") -> ✗ Không | E47: =IF(D47="✓ Có",VLOOKUP(B47,'Hệ Số'!B:C,2,FALSE),0) -> 0
A48: 38 | B48: Google Analytics / Tag Manager | C48: 🟡 Nên có | D48: =IF(AND('📋 Thông Tin'!$B$10="Web App",OR(C48="🟢 Bắt buộc",AND(C48="🟡 Nên có",OR('📋 Thông Tin'!$D$10="Phổ thông (🟢+🟡)",'📋 Thông Tin'!$D$10="Nâng cao (🟢+🟡+⚪)")),AND(C48="⚪ Tùy chọn",'📋 Thông Tin'!$D$10="Nâng cao (🟢+🟡+⚪)"))),"✓ Có","✗ Không") -> ✗ Không | E48: =IF(D48="✓ Có",VLOOKUP(B48,'Hệ Số'!B:C,2,FALSE),0) -> 0
A49: 39 | B49: Facebook Pixel | C49: ⚪ Tùy chọn | D49: =IF(AND('📋 Thông Tin'!$B$10="Web App",OR(C49="🟢 Bắt buộc",AND(C49="🟡 Nên có",OR('📋 Thông Tin'!$D$10="Phổ thông (🟢+🟡)",'📋 Thông Tin'!$D$10="Nâng cao (🟢+🟡+⚪)")),AND(C49="⚪ Tùy chọn",'📋 Thông Tin'!$D$10="Nâng cao (🟢+🟡+⚪)"))),"✓ Có","✗ Không") -> ✗ Không | E49: =IF(D49="✓ Có",VLOOKUP(B49,'Hệ Số'!B:C,2,FALSE),0) -> 0
A50: 40 | B50: SSL Certificate (HTTPS) | C50: 🟢 Bắt buộc | D50: =IF(AND('📋 Thông Tin'!$B$10="Web App",OR(C50="🟢 Bắt buộc",AND(C50="🟡 Nên có",OR('📋 Thông Tin'!$D$10="Phổ thông (🟢+🟡)",'📋 Thông Tin'!$D$10="Nâng cao (🟢+🟡+⚪)")),AND(C50="⚪ Tùy chọn",'📋 Thông Tin'!$D$10="Nâng cao (🟢+🟡+⚪)"))),"✓ Có","✗ Không") -> ✗ Không | E50: =IF(D50="✓ Có",VLOOKUP(B50,'Hệ Số'!B:C,2,FALSE),0) -> 0 | F50: Miễn phí (Cloudflare)
A51: 41 | B51: PWA (offline + install) | C51: 🟡 Nên có | D51: =IF(AND('📋 Thông Tin'!$B$10="Web App",OR(C51="🟢 Bắt buộc",AND(C51="🟡 Nên có",OR('📋 Thông Tin'!$D$10="Phổ thông (🟢+🟡)",'📋 Thông Tin'!$D$10="Nâng cao (🟢+🟡+⚪)")),AND(C51="⚪ Tùy chọn",'📋 Thông Tin'!$D$10="Nâng cao (🟢+🟡+⚪)"))),"✓ Có","✗ Không") -> ✗ Không | E51: =IF(D51="✓ Có",VLOOKUP(B51,'Hệ Số'!B:C,2,FALSE),0) -> 0
A52: 42 | B52: Multi-language (i18n) | C52: ⚪ Tùy chọn | D52: =IF(AND('📋 Thông Tin'!$B$10="Web App",OR(C52="🟢 Bắt buộc",AND(C52="🟡 Nên có",OR('📋 Thông Tin'!$D$10="Phổ thông (🟢+🟡)",'📋 Thông Tin'!$D$10="Nâng cao (🟢+🟡+⚪)")),AND(C52="⚪ Tùy chọn",'📋 Thông Tin'!$D$10="Nâng cao (🟢+🟡+⚪)"))),"✓ Có","✗ Không") -> ✗ Không | E52: =IF(D52="✓ Có",VLOOKUP(B52,'Hệ Số'!B:C,2,FALSE),0) -> 0 | F52: VI / EN
A53: 43 | B53: Performance optimization | C53: 🟡 Nên có | D53: =IF(AND('📋 Thông Tin'!$B$10="Web App",OR(C53="🟢 Bắt buộc",AND(C53="🟡 Nên có",OR('📋 Thông Tin'!$D$10="Phổ thông (🟢+🟡)",'📋 Thông Tin'!$D$10="Nâng cao (🟢+🟡+⚪)")),AND(C53="⚪ Tùy chọn",'📋 Thông Tin'!$D$10="Nâng cao (🟢+🟡+⚪)"))),"✓ Có","✗ Không") -> ✗ Không | E53: =IF(D53="✓ Có",VLOOKUP(B53,'Hệ Số'!B:C,2,FALSE),0) -> 0 | F53: Lighthouse, lazy load
A54: 44 | B54: Schema Markup (Rich Snippets) | C54: ⚪ Tùy chọn | D54: =IF(AND('📋 Thông Tin'!$B$10="Web App",OR(C54="🟢 Bắt buộc",AND(C54="🟡 Nên có",OR('📋 Thông Tin'!$D$10="Phổ thông (🟢+🟡)",'📋 Thông Tin'!$D$10="Nâng cao (🟢+🟡+⚪)")),AND(C54="⚪ Tùy chọn",'📋 Thông Tin'!$D$10="Nâng cao (🟢+🟡+⚪)"))),"✓ Có","✗ Không") -> ✗ Không | E54: =IF(D54="✓ Có",VLOOKUP(B54,'Hệ Số'!B:C,2,FALSE),0) -> 0
A55: 🎬 ĐỘ PHỨC TẠP THIẾT KẾ
A56: 45 | B56: GSAP scroll animations | C56: ⚪ Tùy chọn | D56: =IF(AND('📋 Thông Tin'!$B$10="Web App",OR(C56="🟢 Bắt buộc",AND(C56="🟡 Nên có",OR('📋 Thông Tin'!$D$10="Phổ thông (🟢+🟡)",'📋 Thông Tin'!$D$10="Nâng cao (🟢+🟡+⚪)")),AND(C56="⚪ Tùy chọn",'📋 Thông Tin'!$D$10="Nâng cao (🟢+🟡+⚪)"))),"✓ Có","✗ Không") -> ✗ Không | E56: =IF(D56="✓ Có",VLOOKUP(B56,'Hệ Số'!B:C,2,FALSE),0) -> 0 | F56: ScrollTrigger, reveal, parallax
A57: 46 | B57: Smooth scroll (Lenis) | C57: ⚪ Tùy chọn | D57: =IF(AND('📋 Thông Tin'!$B$10="Web App",OR(C57="🟢 Bắt buộc",AND(C57="🟡 Nên có",OR('📋 Thông Tin'!$D$10="Phổ thông (🟢+🟡)",'📋 Thông Tin'!$D$10="Nâng cao (🟢+🟡+⚪)")),AND(C57="⚪ Tùy chọn",'📋 Thông Tin'!$D$10="Nâng cao (🟢+🟡+⚪)"))),"✓ Có","✗ Không") -> ✗ Không | E57: =IF(D57="✓ Có",VLOOKUP(B57,'Hệ Số'!B:C,2,FALSE),0) -> 0
A58: 47 | B58: Page transitions | C58: ⚪ Tùy chọn | D58: =IF(AND('📋 Thông Tin'!$B$10="Web App",OR(C58="🟢 Bắt buộc",AND(C58="🟡 Nên có",OR('📋 Thông Tin'!$D$10="Phổ thông (🟢+🟡)",'📋 Thông Tin'!$D$10="Nâng cao (🟢+🟡+⚪)")),AND(C58="⚪ Tùy chọn",'📋 Thông Tin'!$D$10="Nâng cao (🟢+🟡+⚪)"))),"✓ Có","✗ Không") -> ✗ Không | E58: =IF(D58="✓ Có",VLOOKUP(B58,'Hệ Số'!B:C,2,FALSE),0) -> 0 | F58: Framer Motion
A59: 48 | B59: Micro-interactions | C59: ⚪ Tùy chọn | D59: =IF(AND('📋 Thông Tin'!$B$10="Web App",OR(C59="🟢 Bắt buộc",AND(C59="🟡 Nên có",OR('📋 Thông Tin'!$D$10="Phổ thông (🟢+🟡)",'📋 Thông Tin'!$D$10="Nâng cao (🟢+🟡+⚪)")),AND(C59="⚪ Tùy chọn",'📋 Thông Tin'!$D$10="Nâng cao (🟢+🟡+⚪)"))),"✓ Có","✗ Không") -> ✗ Không | E59: =IF(D59="✓ Có",VLOOKUP(B59,'Hệ Số'!B:C,2,FALSE),0) -> 0 | F59: Hover tilt, magnetic cursor
A60: 49 | B60: 3D elements (Three.js) | C60: ⚪ Tùy chọn | D60: =IF(AND('📋 Thông Tin'!$B$10="Web App",OR(C60="🟢 Bắt buộc",AND(C60="🟡 Nên có",OR('📋 Thông Tin'!$D$10="Phổ thông (🟢+🟡)",'📋 Thông Tin'!$D$10="Nâng cao (🟢+🟡+⚪)")),AND(C60="⚪ Tùy chọn",'📋 Thông Tin'!$D$10="Nâng cao (🟢+🟡+⚪)"))),"✓ Có","✗ Không") -> ✗ Không | E60: =IF(D60="✓ Có",VLOOKUP(B60,'Hệ Số'!B:C,2,FALSE),0) -> 0 | F60: Product viewer, 3D hero
A61: 50 | B61: Parallax effects | C61: ⚪ Tùy chọn | D61: =IF(AND('📋 Thông Tin'!$B$10="Web App",OR(C61="🟢 Bắt buộc",AND(C61="🟡 Nên có",OR('📋 Thông Tin'!$D$10="Phổ thông (🟢+🟡)",'📋 Thông Tin'!$D$10="Nâng cao (🟢+🟡+⚪)")),AND(C61="⚪ Tùy chọn",'📋 Thông Tin'!$D$10="Nâng cao (🟢+🟡+⚪)"))),"✓ Có","✗ Không") -> ✗ Không | E61: =IF(D61="✓ Có",VLOOKUP(B61,'Hệ Số'!B:C,2,FALSE),0) -> 0
A62: 51 | B62: Card/section animations | C62: ⚪ Tùy chọn | D62: =IF(AND('📋 Thông Tin'!$B$10="Web App",OR(C62="🟢 Bắt buộc",AND(C62="🟡 Nên có",OR('📋 Thông Tin'!$D$10="Phổ thông (🟢+🟡)",'📋 Thông Tin'!$D$10="Nâng cao (🟢+🟡+⚪)")),AND(C62="⚪ Tùy chọn",'📋 Thông Tin'!$D$10="Nâng cao (🟢+🟡+⚪)"))),"✓ Có","✗ Không") -> ✗ Không | E62: =IF(D62="✓ Có",VLOOKUP(B62,'Hệ Số'!B:C,2,FALSE),0) -> 0 | F62: Fade-in, stagger khi scroll
A63: 52 | B63: Glassmorphism + blur | C63: ⚪ Tùy chọn | D63: =IF(AND('📋 Thông Tin'!$B$10="Web App",OR(C63="🟢 Bắt buộc",AND(C63="🟡 Nên có",OR('📋 Thông Tin'!$D$10="Phổ thông (🟢+🟡)",'📋 Thông Tin'!$D$10="Nâng cao (🟢+🟡+⚪)")),AND(C63="⚪ Tùy chọn",'📋 Thông Tin'!$D$10="Nâng cao (🟢+🟡+⚪)"))),"✓ Có","✗ Không") -> ✗ Không | E63: =IF(D63="✓ Có",VLOOKUP(B63,'Hệ Số'!B:C,2,FALSE),0) -> 0
A64: 53 | B64: Dark mode toggle | C64: ⚪ Tùy chọn | D64: =IF(AND('📋 Thông Tin'!$B$10="Web App",OR(C64="🟢 Bắt buộc",AND(C64="🟡 Nên có",OR('📋 Thông Tin'!$D$10="Phổ thông (🟢+🟡)",'📋 Thông Tin'!$D$10="Nâng cao (🟢+🟡+⚪)")),AND(C64="⚪ Tùy chọn",'📋 Thông Tin'!$D$10="Nâng cao (🟢+🟡+⚪)"))),"✓ Có","✗ Không") -> ✗ Không | E64: =IF(D64="✓ Có",VLOOKUP(B64,'Hệ Số'!B:C,2,FALSE),0) -> 0
A65: 54 | B65: Custom cursor | C65: ⚪ Tùy chọn | D65: =IF(AND('📋 Thông Tin'!$B$10="Web App",OR(C65="🟢 Bắt buộc",AND(C65="🟡 Nên có",OR('📋 Thông Tin'!$D$10="Phổ thông (🟢+🟡)",'📋 Thông Tin'!$D$10="Nâng cao (🟢+🟡+⚪)")),AND(C65="⚪ Tùy chọn",'📋 Thông Tin'!$D$10="Nâng cao (🟢+🟡+⚪)"))),"✓ Có","✗ Không") -> ✗ Không | E65: =IF(D65="✓ Có",VLOOKUP(B65,'Hệ Số'!B:C,2,FALSE),0) -> 0
A66: ✨ NÂNG CAO
A67: 55 | B67: Live Chat (Tawk.to, Crisp) | C67: ⚪ Tùy chọn | D67: =IF(AND('📋 Thông Tin'!$B$10="Web App",OR(C67="🟢 Bắt buộc",AND(C67="🟡 Nên có",OR('📋 Thông Tin'!$D$10="Phổ thông (🟢+🟡)",'📋 Thông Tin'!$D$10="Nâng cao (🟢+🟡+⚪)")),AND(C67="⚪ Tùy chọn",'📋 Thông Tin'!$D$10="Nâng cao (🟢+🟡+⚪)"))),"✓ Có","✗ Không") -> ✗ Không | E67: =IF(D67="✓ Có",VLOOKUP(B67,'Hệ Số'!B:C,2,FALSE),0) -> 0 | F67: Embed widget
A68: 56 | B68: AI Chatbot | C68: ⚪ Tùy chọn | D68: =IF(AND('📋 Thông Tin'!$B$10="Web App",OR(C68="🟢 Bắt buộc",AND(C68="🟡 Nên có",OR('📋 Thông Tin'!$D$10="Phổ thông (🟢+🟡)",'📋 Thông Tin'!$D$10="Nâng cao (🟢+🟡+⚪)")),AND(C68="⚪ Tùy chọn",'📋 Thông Tin'!$D$10="Nâng cao (🟢+🟡+⚪)"))),"✓ Có","✗ Không") -> ✗ Không | E68: =IF(D68="✓ Có",VLOOKUP(B68,'Hệ Số'!B:C,2,FALSE),0) -> 0
A69: 57 | B69: Multi-step Form (Wizard) | C69: ⚪ Tùy chọn | D69: =IF(AND('📋 Thông Tin'!$B$10="Web App",OR(C69="🟢 Bắt buộc",AND(C69="🟡 Nên có",OR('📋 Thông Tin'!$D$10="Phổ thông (🟢+🟡)",'📋 Thông Tin'!$D$10="Nâng cao (🟢+🟡+⚪)")),AND(C69="⚪ Tùy chọn",'📋 Thông Tin'!$D$10="Nâng cao (🟢+🟡+⚪)"))),"✓ Có","✗ Không") -> ✗ Không | E69: =IF(D69="✓ Có",VLOOKUP(B69,'Hệ Số'!B:C,2,FALSE),0) -> 0
A70: 58 | B70: Form đặt hàng / Enquiry nâng cao | C70: ⚪ Tùy chọn | D70: =IF(AND('📋 Thông Tin'!$B$10="Web App",OR(C70="🟢 Bắt buộc",AND(C70="🟡 Nên có",OR('📋 Thông Tin'!$D$10="Phổ thông (🟢+🟡)",'📋 Thông Tin'!$D$10="Nâng cao (🟢+🟡+⚪)")),AND(C70="⚪ Tùy chọn",'📋 Thông Tin'!$D$10="Nâng cao (🟢+🟡+⚪)"))),"✓ Có","✗ Không") -> ✗ Không | E70: =IF(D70="✓ Có",VLOOKUP(B70,'Hệ Số'!B:C,2,FALSE),0) -> 0
A73: 💰 TỔNG KẾT TỰ ĐỘNG
A74: 📊 Tổng hệ số (features đã chọn) | E74: =SUM(E5:E70) -> 0
A75: × Hệ số × 1.5 | E75: =E74*1.5 -> 0
A76: 📅 Số ngày (làm tròn lên) | E76: =CEILING(E75/8,1) -> 0
A77: 💰 GIÁ DỰ KIẾN | E77: =E76*1000000 -> 0
A79: 💳 Đặt cọc (40%) | E79: =E77*0.4 -> 0
A80: 💳 Thanh toán nghiệm thu (60%) | E80: =E77*0.6 -> 0
A82: 💡 Chọn Loại website + Gói ở sheet "📋 Thông Tin" → Có/Không tự động theo gói. Có thể ghi đè thủ công.

Sheet Booking
A1: 📋 BOOKING — BẢNG TÍNH NĂNG
A3: STT | B3: Tính năng | C3: Mức độ | D3: Có / Không | E3: Hệ số | F3: Ghi chú
A4: ⚙️ CORE (Trang cơ bản)
A5: 1 | B5: Homepage (hero + sections + CTA) | C5: 🟢 Bắt buộc | D5: =IF(AND('📋 Thông Tin'!$B$10="Booking",OR(C5="🟢 Bắt buộc",AND(C5="🟡 Nên có",OR('📋 Thông Tin'!$D$10="Phổ thông (🟢+🟡)",'📋 Thông Tin'!$D$10="Nâng cao (🟢+🟡+⚪)")),AND(C5="⚪ Tùy chọn",'📋 Thông Tin'!$D$10="Nâng cao (🟢+🟡+⚪)"))),"✓ Có","✗ Không") -> ✗ Không | E5: =IF(D5="✓ Có",VLOOKUP(B5,'Hệ Số'!B:C,2,FALSE),0) -> 0
A6: 2 | B6: About Page | C6: 🟡 Nên có | D6: =IF(AND('📋 Thông Tin'!$B$10="Booking",OR(C6="🟢 Bắt buộc",AND(C6="🟡 Nên có",OR('📋 Thông Tin'!$D$10="Phổ thông (🟢+🟡)",'📋 Thông Tin'!$D$10="Nâng cao (🟢+🟡+⚪)")),AND(C6="⚪ Tùy chọn",'📋 Thông Tin'!$D$10="Nâng cao (🟢+🟡+⚪)"))),"✓ Có","✗ Không") -> ✗ Không | E6: =IF(D6="✓ Có",VLOOKUP(B6,'Hệ Số'!B:C,2,FALSE),0) -> 0
A7: 3 | B7: Contact Page (form + map + info) | C7: 🟢 Bắt buộc | D7: =IF(AND('📋 Thông Tin'!$B$10="Booking",OR(C7="🟢 Bắt buộc",AND(C7="🟡 Nên có",OR('📋 Thông Tin'!$D$10="Phổ thông (🟢+🟡)",'📋 Thông Tin'!$D$10="Nâng cao (🟢+🟡+⚪)")),AND(C7="⚪ Tùy chọn",'📋 Thông Tin'!$D$10="Nâng cao (🟢+🟡+⚪)"))),"✓ Có","✗ Không") -> ✗ Không | E7: =IF(D7="✓ Có",VLOOKUP(B7,'Hệ Số'!B:C,2,FALSE),0) -> 0
A8: 4 | B8: 404 Page | C8: 🟢 Bắt buộc | D8: =IF(AND('📋 Thông Tin'!$B$10="Booking",OR(C8="🟢 Bắt buộc",AND(C8="🟡 Nên có",OR('📋 Thông Tin'!$D$10="Phổ thông (🟢+🟡)",'📋 Thông Tin'!$D$10="Nâng cao (🟢+🟡+⚪)")),AND(C8="⚪ Tùy chọn",'📋 Thông Tin'!$D$10="Nâng cao (🟢+🟡+⚪)"))),"✓ Có","✗ Không") -> ✗ Không | E8: =IF(D8="✓ Có",VLOOKUP(B8,'Hệ Số'!B:C,2,FALSE),0) -> 0
A9: 5 | B9: Footer + Header | C9: 🟢 Bắt buộc | D9: =IF(AND('📋 Thông Tin'!$B$10="Booking",OR(C9="🟢 Bắt buộc",AND(C9="🟡 Nên có",OR('📋 Thông Tin'!$D$10="Phổ thông (🟢+🟡)",'📋 Thông Tin'!$D$10="Nâng cao (🟢+🟡+⚪)")),AND(C9="⚪ Tùy chọn",'📋 Thông Tin'!$D$10="Nâng cao (🟢+🟡+⚪)"))),"✓ Có","✗ Không") -> ✗ Không | E9: =IF(D9="✓ Có",VLOOKUP(B9,'Hệ Số'!B:C,2,FALSE),0) -> 0 | F9: Responsive nav, logo
A10: 6 | B10: Form liên hệ (gửi email) | C10: 🟡 Nên có | D10: =IF(AND('📋 Thông Tin'!$B$10="Booking",OR(C10="🟢 Bắt buộc",AND(C10="🟡 Nên có",OR('📋 Thông Tin'!$D$10="Phổ thông (🟢+🟡)",'📋 Thông Tin'!$D$10="Nâng cao (🟢+🟡+⚪)")),AND(C10="⚪ Tùy chọn",'📋 Thông Tin'!$D$10="Nâng cao (🟢+🟡+⚪)"))),"✓ Có","✗ Không") -> ✗ Không | E10: =IF(D10="✓ Có",VLOOKUP(B10,'Hệ Số'!B:C,2,FALSE),0) -> 0
A11: 7 | B11: FAB (Floating Action Button) | C11: 🟡 Nên có | D11: =IF(AND('📋 Thông Tin'!$B$10="Booking",OR(C11="🟢 Bắt buộc",AND(C11="🟡 Nên có",OR('📋 Thông Tin'!$D$10="Phổ thông (🟢+🟡)",'📋 Thông Tin'!$D$10="Nâng cao (🟢+🟡+⚪)")),AND(C11="⚪ Tùy chọn",'📋 Thông Tin'!$D$10="Nâng cao (🟢+🟡+⚪)"))),"✓ Có","✗ Không") -> ✗ Không | E11: =IF(D11="✓ Có",VLOOKUP(B11,'Hệ Số'!B:C,2,FALSE),0) -> 0 | F11: Nút nổi: gọi/Zalo/Messenger
A12: 8 | B12: Google Maps nhúng | C12: 🟡 Nên có | D12: =IF(AND('📋 Thông Tin'!$B$10="Booking",OR(C12="🟢 Bắt buộc",AND(C12="🟡 Nên có",OR('📋 Thông Tin'!$D$10="Phổ thông (🟢+🟡)",'📋 Thông Tin'!$D$10="Nâng cao (🟢+🟡+⚪)")),AND(C12="⚪ Tùy chọn",'📋 Thông Tin'!$D$10="Nâng cao (🟢+🟡+⚪)"))),"✓ Có","✗ Không") -> ✗ Không | E12: =IF(D12="✓ Có",VLOOKUP(B12,'Hệ Số'!B:C,2,FALSE),0) -> 0
A13: 9 | B13: Nút gọi điện / Zalo / Messenger | C13: 🟡 Nên có | D13: =IF(AND('📋 Thông Tin'!$B$10="Booking",OR(C13="🟢 Bắt buộc",AND(C13="🟡 Nên có",OR('📋 Thông Tin'!$D$10="Phổ thông (🟢+🟡)",'📋 Thông Tin'!$D$10="Nâng cao (🟢+🟡+⚪)")),AND(C13="⚪ Tùy chọn",'📋 Thông Tin'!$D$10="Nâng cao (🟢+🟡+⚪)"))),"✓ Có","✗ Không") -> ✗ Không | E13: =IF(D13="✓ Có",VLOOKUP(B13,'Hệ Số'!B:C,2,FALSE),0) -> 0 | F13: Nếu không dùng FAB
A14: 📝 NỘI DUNG
A15: 10 | B15: Services/Products List | C15: 🟢 Bắt buộc | D15: =IF(AND('📋 Thông Tin'!$B$10="Booking",OR(C15="🟢 Bắt buộc",AND(C15="🟡 Nên có",OR('📋 Thông Tin'!$D$10="Phổ thông (🟢+🟡)",'📋 Thông Tin'!$D$10="Nâng cao (🟢+🟡+⚪)")),AND(C15="⚪ Tùy chọn",'📋 Thông Tin'!$D$10="Nâng cao (🟢+🟡+⚪)"))),"✓ Có","✗ Không") -> ✗ Không | E15: =IF(D15="✓ Có",VLOOKUP(B15,'Hệ Số'!B:C,2,FALSE),0) -> 0 | F15: Danh sách dịch vụ/sản phẩm
A16: 11 | B16: Service/Product Detail | C16: 🟡 Nên có | D16: =IF(AND('📋 Thông Tin'!$B$10="Booking",OR(C16="🟢 Bắt buộc",AND(C16="🟡 Nên có",OR('📋 Thông Tin'!$D$10="Phổ thông (🟢+🟡)",'📋 Thông Tin'!$D$10="Nâng cao (🟢+🟡+⚪)")),AND(C16="⚪ Tùy chọn",'📋 Thông Tin'!$D$10="Nâng cao (🟢+🟡+⚪)"))),"✓ Có","✗ Không") -> ✗ Không | E16: =IF(D16="✓ Có",VLOOKUP(B16,'Hệ Số'!B:C,2,FALSE),0) -> 0 | F16: Trang chi tiết
A17: 12 | B17: Portfolio/Gallery Grid | C17: 🟡 Nên có | D17: =IF(AND('📋 Thông Tin'!$B$10="Booking",OR(C17="🟢 Bắt buộc",AND(C17="🟡 Nên có",OR('📋 Thông Tin'!$D$10="Phổ thông (🟢+🟡)",'📋 Thông Tin'!$D$10="Nâng cao (🟢+🟡+⚪)")),AND(C17="⚪ Tùy chọn",'📋 Thông Tin'!$D$10="Nâng cao (🟢+🟡+⚪)"))),"✓ Có","✗ Không") -> ✗ Không | E17: =IF(D17="✓ Có",VLOOKUP(B17,'Hệ Số'!B:C,2,FALSE),0) -> 0 | F17: Lưới dự án/album ảnh
A18: 13 | B18: Portfolio Detail | C18: ⚪ Tùy chọn | D18: =IF(AND('📋 Thông Tin'!$B$10="Booking",OR(C18="🟢 Bắt buộc",AND(C18="🟡 Nên có",OR('📋 Thông Tin'!$D$10="Phổ thông (🟢+🟡)",'📋 Thông Tin'!$D$10="Nâng cao (🟢+🟡+⚪)")),AND(C18="⚪ Tùy chọn",'📋 Thông Tin'!$D$10="Nâng cao (🟢+🟡+⚪)"))),"✓ Có","✗ Không") -> ✗ Không | E18: =IF(D18="✓ Có",VLOOKUP(B18,'Hệ Số'!B:C,2,FALSE),0) -> 0 | F18: Chi tiết dự án
A19: 14 | B19: Blog List + Detail | C19: ⚪ Tùy chọn | D19: =IF(AND('📋 Thông Tin'!$B$10="Booking",OR(C19="🟢 Bắt buộc",AND(C19="🟡 Nên có",OR('📋 Thông Tin'!$D$10="Phổ thông (🟢+🟡)",'📋 Thông Tin'!$D$10="Nâng cao (🟢+🟡+⚪)")),AND(C19="⚪ Tùy chọn",'📋 Thông Tin'!$D$10="Nâng cao (🟢+🟡+⚪)"))),"✓ Có","✗ Không") -> ✗ Không | E19: =IF(D19="✓ Có",VLOOKUP(B19,'Hệ Số'!B:C,2,FALSE),0) -> 0 | F19: Bài viết + phân loại + tag
A20: 15 | B20: FAQ Page | C20: 🟡 Nên có | D20: =IF(AND('📋 Thông Tin'!$B$10="Booking",OR(C20="🟢 Bắt buộc",AND(C20="🟡 Nên có",OR('📋 Thông Tin'!$D$10="Phổ thông (🟢+🟡)",'📋 Thông Tin'!$D$10="Nâng cao (🟢+🟡+⚪)")),AND(C20="⚪ Tùy chọn",'📋 Thông Tin'!$D$10="Nâng cao (🟢+🟡+⚪)"))),"✓ Có","✗ Không") -> ✗ Không | E20: =IF(D20="✓ Có",VLOOKUP(B20,'Hệ Số'!B:C,2,FALSE),0) -> 0 | F20: Accordion Q&A
A21: 16 | B21: Testimonials Section | C21: 🟡 Nên có | D21: =IF(AND('📋 Thông Tin'!$B$10="Booking",OR(C21="🟢 Bắt buộc",AND(C21="🟡 Nên có",OR('📋 Thông Tin'!$D$10="Phổ thông (🟢+🟡)",'📋 Thông Tin'!$D$10="Nâng cao (🟢+🟡+⚪)")),AND(C21="⚪ Tùy chọn",'📋 Thông Tin'!$D$10="Nâng cao (🟢+🟡+⚪)"))),"✓ Có","✗ Không") -> ✗ Không | E21: =IF(D21="✓ Có",VLOOKUP(B21,'Hệ Số'!B:C,2,FALSE),0) -> 0 | F21: Đánh giá khách hàng
A22: 17 | B22: Video nhúng (YouTube, Vimeo) | C22: ⚪ Tùy chọn | D22: =IF(AND('📋 Thông Tin'!$B$10="Booking",OR(C22="🟢 Bắt buộc",AND(C22="🟡 Nên có",OR('📋 Thông Tin'!$D$10="Phổ thông (🟢+🟡)",'📋 Thông Tin'!$D$10="Nâng cao (🟢+🟡+⚪)")),AND(C22="⚪ Tùy chọn",'📋 Thông Tin'!$D$10="Nâng cao (🟢+🟡+⚪)"))),"✓ Có","✗ Không") -> ✗ Không | E22: =IF(D22="✓ Có",VLOOKUP(B22,'Hệ Số'!B:C,2,FALSE),0) -> 0
A23: 18 | B23: Banner / Slider quản lý | C23: ⚪ Tùy chọn | D23: =IF(AND('📋 Thông Tin'!$B$10="Booking",OR(C23="🟢 Bắt buộc",AND(C23="🟡 Nên có",OR('📋 Thông Tin'!$D$10="Phổ thông (🟢+🟡)",'📋 Thông Tin'!$D$10="Nâng cao (🟢+🟡+⚪)")),AND(C23="⚪ Tùy chọn",'📋 Thông Tin'!$D$10="Nâng cao (🟢+🟡+⚪)"))),"✓ Có","✗ Không") -> ✗ Không | E23: =IF(D23="✓ Có",VLOOKUP(B23,'Hệ Số'!B:C,2,FALSE),0) -> 0 | F23: Admin quản lý banner
A24: 19 | B24: Đánh giá / Review sản phẩm | C24: 🟡 Nên có | D24: =IF(AND('📋 Thông Tin'!$B$10="Booking",OR(C24="🟢 Bắt buộc",AND(C24="🟡 Nên có",OR('📋 Thông Tin'!$D$10="Phổ thông (🟢+🟡)",'📋 Thông Tin'!$D$10="Nâng cao (🟢+🟡+⚪)")),AND(C24="⚪ Tùy chọn",'📋 Thông Tin'!$D$10="Nâng cao (🟢+🟡+⚪)"))),"✓ Có","✗ Không") -> ✗ Không | E24: =IF(D24="✓ Có",VLOOKUP(B24,'Hệ Số'!B:C,2,FALSE),0) -> 0 | F24: Rating + comment
A25: 🛒 BOOKING & THƯƠNG MẠI
A26: 20 | B26: Booking Form (đơn giản) | C26: 🟢 Bắt buộc | D26: =IF(AND('📋 Thông Tin'!$B$10="Booking",OR(C26="🟢 Bắt buộc",AND(C26="🟡 Nên có",OR('📋 Thông Tin'!$D$10="Phổ thông (🟢+🟡)",'📋 Thông Tin'!$D$10="Nâng cao (🟢+🟡+⚪)")),AND(C26="⚪ Tùy chọn",'📋 Thông Tin'!$D$10="Nâng cao (🟢+🟡+⚪)"))),"✓ Có","✗ Không") -> ✗ Không | E26: =IF(D26="✓ Có",VLOOKUP(B26,'Hệ Số'!B:C,2,FALSE),0) -> 0 | F26: Form đặt lịch cơ bản
A27: 21 | B27: Booking System (calendar + slots) | C27: 🟡 Nên có | D27: =IF(AND('📋 Thông Tin'!$B$10="Booking",OR(C27="🟢 Bắt buộc",AND(C27="🟡 Nên có",OR('📋 Thông Tin'!$D$10="Phổ thông (🟢+🟡)",'📋 Thông Tin'!$D$10="Nâng cao (🟢+🟡+⚪)")),AND(C27="⚪ Tùy chọn",'📋 Thông Tin'!$D$10="Nâng cao (🟢+🟡+⚪)"))),"✓ Có","✗ Không") -> ✗ Không | E27: =IF(D27="✓ Có",VLOOKUP(B27,'Hệ Số'!B:C,2,FALSE),0) -> 0 | F27: Hệ thống đặt lịch đầy đủ
A28: 22 | B28: Checkout + Payment (Stripe/VNPay) | C28: ⚪ Tùy chọn | D28: =IF(AND('📋 Thông Tin'!$B$10="Booking",OR(C28="🟢 Bắt buộc",AND(C28="🟡 Nên có",OR('📋 Thông Tin'!$D$10="Phổ thông (🟢+🟡)",'📋 Thông Tin'!$D$10="Nâng cao (🟢+🟡+⚪)")),AND(C28="⚪ Tùy chọn",'📋 Thông Tin'!$D$10="Nâng cao (🟢+🟡+⚪)"))),"✓ Có","✗ Không") -> ✗ Không | E28: =IF(D28="✓ Có",VLOOKUP(B28,'Hệ Số'!B:C,2,FALSE),0) -> 0 | F28: Thanh toán online
A29: 23 | B29: Order Tracking | C29: ⚪ Tùy chọn | D29: =IF(AND('📋 Thông Tin'!$B$10="Booking",OR(C29="🟢 Bắt buộc",AND(C29="🟡 Nên có",OR('📋 Thông Tin'!$D$10="Phổ thông (🟢+🟡)",'📋 Thông Tin'!$D$10="Nâng cao (🟢+🟡+⚪)")),AND(C29="⚪ Tùy chọn",'📋 Thông Tin'!$D$10="Nâng cao (🟢+🟡+⚪)"))),"✓ Có","✗ Không") -> ✗ Không | E29: =IF(D29="✓ Có",VLOOKUP(B29,'Hệ Số'!B:C,2,FALSE),0) -> 0 | F29: Theo dõi đơn hàng
A30: 📊 ADMIN & QUẢN TRỊ
A31: 24 | B31: Dashboard Admin (CRUD cơ bản) | C31: 🟡 Nên có | D31: =IF(AND('📋 Thông Tin'!$B$10="Booking",OR(C31="🟢 Bắt buộc",AND(C31="🟡 Nên có",OR('📋 Thông Tin'!$D$10="Phổ thông (🟢+🟡)",'📋 Thông Tin'!$D$10="Nâng cao (🟢+🟡+⚪)")),AND(C31="⚪ Tùy chọn",'📋 Thông Tin'!$D$10="Nâng cao (🟢+🟡+⚪)"))),"✓ Có","✗ Không") -> ✗ Không | E31: =IF(D31="✓ Có",VLOOKUP(B31,'Hệ Số'!B:C,2,FALSE),0) -> 0 | F31: Quản lý dữ liệu
A32: 25 | B32: Dashboard Full (CRUD + analytics) | C32: ⚪ Tùy chọn | D32: =IF(AND('📋 Thông Tin'!$B$10="Booking",OR(C32="🟢 Bắt buộc",AND(C32="🟡 Nên có",OR('📋 Thông Tin'!$D$10="Phổ thông (🟢+🟡)",'📋 Thông Tin'!$D$10="Nâng cao (🟢+🟡+⚪)")),AND(C32="⚪ Tùy chọn",'📋 Thông Tin'!$D$10="Nâng cao (🟢+🟡+⚪)"))),"✓ Có","✗ Không") -> ✗ Không | E32: =IF(D32="✓ Có",VLOOKUP(B32,'Hệ Số'!B:C,2,FALSE),0) -> 0 | F32: Charts, KPIs, reports
A33: 26 | B33: Site Config Editor | C33: ⚪ Tùy chọn | D33: =IF(AND('📋 Thông Tin'!$B$10="Booking",OR(C33="🟢 Bắt buộc",AND(C33="🟡 Nên có",OR('📋 Thông Tin'!$D$10="Phổ thông (🟢+🟡)",'📋 Thông Tin'!$D$10="Nâng cao (🟢+🟡+⚪)")),AND(C33="⚪ Tùy chọn",'📋 Thông Tin'!$D$10="Nâng cao (🟢+🟡+⚪)"))),"✓ Có","✗ Không") -> ✗ Không | E33: =IF(D33="✓ Có",VLOOKUP(B33,'Hệ Số'!B:C,2,FALSE),0) -> 0 | F33: Cài đặt hệ thống
A34: 27 | B34: User Management | C34: ⚪ Tùy chọn | D34: =IF(AND('📋 Thông Tin'!$B$10="Booking",OR(C34="🟢 Bắt buộc",AND(C34="🟡 Nên có",OR('📋 Thông Tin'!$D$10="Phổ thông (🟢+🟡)",'📋 Thông Tin'!$D$10="Nâng cao (🟢+🟡+⚪)")),AND(C34="⚪ Tùy chọn",'📋 Thông Tin'!$D$10="Nâng cao (🟢+🟡+⚪)"))),"✓ Có","✗ Không") -> ✗ Không | E34: =IF(D34="✓ Có",VLOOKUP(B34,'Hệ Số'!B:C,2,FALSE),0) -> 0 | F34: Quản lý tài khoản
A35: 28 | B35: Xuất báo cáo (Excel, PDF) | C35: ⚪ Tùy chọn | D35: =IF(AND('📋 Thông Tin'!$B$10="Booking",OR(C35="🟢 Bắt buộc",AND(C35="🟡 Nên có",OR('📋 Thông Tin'!$D$10="Phổ thông (🟢+🟡)",'📋 Thông Tin'!$D$10="Nâng cao (🟢+🟡+⚪)")),AND(C35="⚪ Tùy chọn",'📋 Thông Tin'!$D$10="Nâng cao (🟢+🟡+⚪)"))),"✓ Có","✗ Không") -> ✗ Không | E35: =IF(D35="✓ Có",VLOOKUP(B35,'Hệ Số'!B:C,2,FALSE),0) -> 0 | F35: Export reports
A36: 🔐 TÀI KHOẢN & BẢO MẬT
A37: 29 | B37: Login/Register (Firebase Auth) | C37: 🟡 Nên có | D37: =IF(AND('📋 Thông Tin'!$B$10="Booking",OR(C37="🟢 Bắt buộc",AND(C37="🟡 Nên có",OR('📋 Thông Tin'!$D$10="Phổ thông (🟢+🟡)",'📋 Thông Tin'!$D$10="Nâng cao (🟢+🟡+⚪)")),AND(C37="⚪ Tùy chọn",'📋 Thông Tin'!$D$10="Nâng cao (🟢+🟡+⚪)"))),"✓ Có","✗ Không") -> ✗ Không | E37: =IF(D37="✓ Có",VLOOKUP(B37,'Hệ Số'!B:C,2,FALSE),0) -> 0
A38: 30 | B38: Social Login (Google/Facebook) | C38: ⚪ Tùy chọn | D38: =IF(AND('📋 Thông Tin'!$B$10="Booking",OR(C38="🟢 Bắt buộc",AND(C38="🟡 Nên có",OR('📋 Thông Tin'!$D$10="Phổ thông (🟢+🟡)",'📋 Thông Tin'!$D$10="Nâng cao (🟢+🟡+⚪)")),AND(C38="⚪ Tùy chọn",'📋 Thông Tin'!$D$10="Nâng cao (🟢+🟡+⚪)"))),"✓ Có","✗ Không") -> ✗ Không | E38: =IF(D38="✓ Có",VLOOKUP(B38,'Hệ Số'!B:C,2,FALSE),0) -> 0 | F38: OAuth2
A39: 31 | B39: Role-based Access | C39: ⚪ Tùy chọn | D39: =IF(AND('📋 Thông Tin'!$B$10="Booking",OR(C39="🟢 Bắt buộc",AND(C39="🟡 Nên có",OR('📋 Thông Tin'!$D$10="Phổ thông (🟢+🟡)",'📋 Thông Tin'!$D$10="Nâng cao (🟢+🟡+⚪)")),AND(C39="⚪ Tùy chọn",'📋 Thông Tin'!$D$10="Nâng cao (🟢+🟡+⚪)"))),"✓ Có","✗ Không") -> ✗ Không | E39: =IF(D39="✓ Có",VLOOKUP(B39,'Hệ Số'!B:C,2,FALSE),0) -> 0 | F39: Phân quyền Admin/User/Staff
A40: 🔔 THÔNG BÁO
A41: 32 | B41: Email notification | C41: 🟡 Nên có | D41: =IF(AND('📋 Thông Tin'!$B$10="Booking",OR(C41="🟢 Bắt buộc",AND(C41="🟡 Nên có",OR('📋 Thông Tin'!$D$10="Phổ thông (🟢+🟡)",'📋 Thông Tin'!$D$10="Nâng cao (🟢+🟡+⚪)")),AND(C41="⚪ Tùy chọn",'📋 Thông Tin'!$D$10="Nâng cao (🟢+🟡+⚪)"))),"✓ Có","✗ Không") -> ✗ Không | E41: =IF(D41="✓ Có",VLOOKUP(B41,'Hệ Số'!B:C,2,FALSE),0) -> 0 | F41: SendGrid
A42: 33 | B42: Admin dashboard notification | C42: 🟡 Nên có | D42: =IF(AND('📋 Thông Tin'!$B$10="Booking",OR(C42="🟢 Bắt buộc",AND(C42="🟡 Nên có",OR('📋 Thông Tin'!$D$10="Phổ thông (🟢+🟡)",'📋 Thông Tin'!$D$10="Nâng cao (🟢+🟡+⚪)")),AND(C42="⚪ Tùy chọn",'📋 Thông Tin'!$D$10="Nâng cao (🟢+🟡+⚪)"))),"✓ Có","✗ Không") -> ✗ Không | E42: =IF(D42="✓ Có",VLOOKUP(B42,'Hệ Số'!B:C,2,FALSE),0) -> 0 | F42: Chuông thông báo
A43: 34 | B43: FCM Push Notification | C43: ⚪ Tùy chọn | D43: =IF(AND('📋 Thông Tin'!$B$10="Booking",OR(C43="🟢 Bắt buộc",AND(C43="🟡 Nên có",OR('📋 Thông Tin'!$D$10="Phổ thông (🟢+🟡)",'📋 Thông Tin'!$D$10="Nâng cao (🟢+🟡+⚪)")),AND(C43="⚪ Tùy chọn",'📋 Thông Tin'!$D$10="Nâng cao (🟢+🟡+⚪)"))),"✓ Có","✗ Không") -> ✗ Không | E43: =IF(D43="✓ Có",VLOOKUP(B43,'Hệ Số'!B:C,2,FALSE),0) -> 0 | F43: Push trình duyệt
A44: 35 | B44: SMS Notification | C44: ⚪ Tùy chọn | D44: =IF(AND('📋 Thông Tin'!$B$10="Booking",OR(C44="🟢 Bắt buộc",AND(C44="🟡 Nên có",OR('📋 Thông Tin'!$D$10="Phổ thông (🟢+🟡)",'📋 Thông Tin'!$D$10="Nâng cao (🟢+🟡+⚪)")),AND(C44="⚪ Tùy chọn",'📋 Thông Tin'!$D$10="Nâng cao (🟢+🟡+⚪)"))),"✓ Có","✗ Không") -> ✗ Không | E44: =IF(D44="✓ Có",VLOOKUP(B44,'Hệ Số'!B:C,2,FALSE),0) -> 0
A45: 36 | B45: In-app Notification | C45: ⚪ Tùy chọn | D45: =IF(AND('📋 Thông Tin'!$B$10="Booking",OR(C45="🟢 Bắt buộc",AND(C45="🟡 Nên có",OR('📋 Thông Tin'!$D$10="Phổ thông (🟢+🟡)",'📋 Thông Tin'!$D$10="Nâng cao (🟢+🟡+⚪)")),AND(C45="⚪ Tùy chọn",'📋 Thông Tin'!$D$10="Nâng cao (🟢+🟡+⚪)"))),"✓ Có","✗ Không") -> ✗ Không | E45: =IF(D45="✓ Có",VLOOKUP(B45,'Hệ Số'!B:C,2,FALSE),0) -> 0 | F45: Thông báo trong app
A46: 🔧 KỸ THUẬT
A47: 37 | B47: Responsive (mobile + tablet) | C47: 🟢 Bắt buộc | D47: =IF(AND('📋 Thông Tin'!$B$10="Booking",OR(C47="🟢 Bắt buộc",AND(C47="🟡 Nên có",OR('📋 Thông Tin'!$D$10="Phổ thông (🟢+🟡)",'📋 Thông Tin'!$D$10="Nâng cao (🟢+🟡+⚪)")),AND(C47="⚪ Tùy chọn",'📋 Thông Tin'!$D$10="Nâng cao (🟢+🟡+⚪)"))),"✓ Có","✗ Không") -> ✗ Không | E47: =IF(D47="✓ Có",VLOOKUP(B47,'Hệ Số'!B:C,2,FALSE),0) -> 0
A48: 38 | B48: SEO cơ bản (meta, sitemap, robots) | C48: 🟢 Bắt buộc | D48: =IF(AND('📋 Thông Tin'!$B$10="Booking",OR(C48="🟢 Bắt buộc",AND(C48="🟡 Nên có",OR('📋 Thông Tin'!$D$10="Phổ thông (🟢+🟡)",'📋 Thông Tin'!$D$10="Nâng cao (🟢+🟡+⚪)")),AND(C48="⚪ Tùy chọn",'📋 Thông Tin'!$D$10="Nâng cao (🟢+🟡+⚪)"))),"✓ Có","✗ Không") -> ✗ Không | E48: =IF(D48="✓ Có",VLOOKUP(B48,'Hệ Số'!B:C,2,FALSE),0) -> 0
A49: 39 | B49: SEO nâng cao (schema markup) | C49: 🟡 Nên có | D49: =IF(AND('📋 Thông Tin'!$B$10="Booking",OR(C49="🟢 Bắt buộc",AND(C49="🟡 Nên có",OR('📋 Thông Tin'!$D$10="Phổ thông (🟢+🟡)",'📋 Thông Tin'!$D$10="Nâng cao (🟢+🟡+⚪)")),AND(C49="⚪ Tùy chọn",'📋 Thông Tin'!$D$10="Nâng cao (🟢+🟡+⚪)"))),"✓ Có","✗ Không") -> ✗ Không | E49: =IF(D49="✓ Có",VLOOKUP(B49,'Hệ Số'!B:C,2,FALSE),0) -> 0 | F49: Rich snippets
A50: 40 | B50: Open Graph (share Facebook đẹp) | C50: 🟡 Nên có | D50: =IF(AND('📋 Thông Tin'!$B$10="Booking",OR(C50="🟢 Bắt buộc",AND(C50="🟡 Nên có",OR('📋 Thông Tin'!$D$10="Phổ thông (🟢+🟡)",'📋 Thông Tin'!$D$10="Nâng cao (🟢+🟡+⚪)")),AND(C50="⚪ Tùy chọn",'📋 Thông Tin'!$D$10="Nâng cao (🟢+🟡+⚪)"))),"✓ Có","✗ Không") -> ✗ Không | E50: =IF(D50="✓ Có",VLOOKUP(B50,'Hệ Số'!B:C,2,FALSE),0) -> 0
A51: 41 | B51: Google Analytics / Tag Manager | C51: 🟡 Nên có | D51: =IF(AND('📋 Thông Tin'!$B$10="Booking",OR(C51="🟢 Bắt buộc",AND(C51="🟡 Nên có",OR('📋 Thông Tin'!$D$10="Phổ thông (🟢+🟡)",'📋 Thông Tin'!$D$10="Nâng cao (🟢+🟡+⚪)")),AND(C51="⚪ Tùy chọn",'📋 Thông Tin'!$D$10="Nâng cao (🟢+🟡+⚪)"))),"✓ Có","✗ Không") -> ✗ Không | E51: =IF(D51="✓ Có",VLOOKUP(B51,'Hệ Số'!B:C,2,FALSE),0) -> 0
A52: 42 | B52: Facebook Pixel | C52: ⚪ Tùy chọn | D52: =IF(AND('📋 Thông Tin'!$B$10="Booking",OR(C52="🟢 Bắt buộc",AND(C52="🟡 Nên có",OR('📋 Thông Tin'!$D$10="Phổ thông (🟢+🟡)",'📋 Thông Tin'!$D$10="Nâng cao (🟢+🟡+⚪)")),AND(C52="⚪ Tùy chọn",'📋 Thông Tin'!$D$10="Nâng cao (🟢+🟡+⚪)"))),"✓ Có","✗ Không") -> ✗ Không | E52: =IF(D52="✓ Có",VLOOKUP(B52,'Hệ Số'!B:C,2,FALSE),0) -> 0
A53: 43 | B53: SSL Certificate (HTTPS) | C53: 🟢 Bắt buộc | D53: =IF(AND('📋 Thông Tin'!$B$10="Booking",OR(C53="🟢 Bắt buộc",AND(C53="🟡 Nên có",OR('📋 Thông Tin'!$D$10="Phổ thông (🟢+🟡)",'📋 Thông Tin'!$D$10="Nâng cao (🟢+🟡+⚪)")),AND(C53="⚪ Tùy chọn",'📋 Thông Tin'!$D$10="Nâng cao (🟢+🟡+⚪)"))),"✓ Có","✗ Không") -> ✗ Không | E53: =IF(D53="✓ Có",VLOOKUP(B53,'Hệ Số'!B:C,2,FALSE),0) -> 0 | F53: Miễn phí (Cloudflare)
A54: 44 | B54: PWA (offline + install) | C54: ⚪ Tùy chọn | D54: =IF(AND('📋 Thông Tin'!$B$10="Booking",OR(C54="🟢 Bắt buộc",AND(C54="🟡 Nên có",OR('📋 Thông Tin'!$D$10="Phổ thông (🟢+🟡)",'📋 Thông Tin'!$D$10="Nâng cao (🟢+🟡+⚪)")),AND(C54="⚪ Tùy chọn",'📋 Thông Tin'!$D$10="Nâng cao (🟢+🟡+⚪)"))),"✓ Có","✗ Không") -> ✗ Không | E54: =IF(D54="✓ Có",VLOOKUP(B54,'Hệ Số'!B:C,2,FALSE),0) -> 0
A55: 45 | B55: Multi-language (i18n) | C55: ⚪ Tùy chọn | D55: =IF(AND('📋 Thông Tin'!$B$10="Booking",OR(C55="🟢 Bắt buộc",AND(C55="🟡 Nên có",OR('📋 Thông Tin'!$D$10="Phổ thông (🟢+🟡)",'📋 Thông Tin'!$D$10="Nâng cao (🟢+🟡+⚪)")),AND(C55="⚪ Tùy chọn",'📋 Thông Tin'!$D$10="Nâng cao (🟢+🟡+⚪)"))),"✓ Có","✗ Không") -> ✗ Không | E55: =IF(D55="✓ Có",VLOOKUP(B55,'Hệ Số'!B:C,2,FALSE),0) -> 0 | F55: VI / EN
A56: 46 | B56: Performance optimization | C56: 🟡 Nên có | D56: =IF(AND('📋 Thông Tin'!$B$10="Booking",OR(C56="🟢 Bắt buộc",AND(C56="🟡 Nên có",OR('📋 Thông Tin'!$D$10="Phổ thông (🟢+🟡)",'📋 Thông Tin'!$D$10="Nâng cao (🟢+🟡+⚪)")),AND(C56="⚪ Tùy chọn",'📋 Thông Tin'!$D$10="Nâng cao (🟢+🟡+⚪)"))),"✓ Có","✗ Không") -> ✗ Không | E56: =IF(D56="✓ Có",VLOOKUP(B56,'Hệ Số'!B:C,2,FALSE),0) -> 0 | F56: Lighthouse, lazy load
A57: 47 | B57: Schema Markup (Rich Snippets) | C57: 🟡 Nên có | D57: =IF(AND('📋 Thông Tin'!$B$10="Booking",OR(C57="🟢 Bắt buộc",AND(C57="🟡 Nên có",OR('📋 Thông Tin'!$D$10="Phổ thông (🟢+🟡)",'📋 Thông Tin'!$D$10="Nâng cao (🟢+🟡+⚪)")),AND(C57="⚪ Tùy chọn",'📋 Thông Tin'!$D$10="Nâng cao (🟢+🟡+⚪)"))),"✓ Có","✗ Không") -> ✗ Không | E57: =IF(D57="✓ Có",VLOOKUP(B57,'Hệ Số'!B:C,2,FALSE),0) -> 0
A58: 🎬 ĐỘ PHỨC TẠP THIẾT KẾ
A59: 48 | B59: GSAP scroll animations | C59: ⚪ Tùy chọn | D59: =IF(AND('📋 Thông Tin'!$B$10="Booking",OR(C59="🟢 Bắt buộc",AND(C59="🟡 Nên có",OR('📋 Thông Tin'!$D$10="Phổ thông (🟢+🟡)",'📋 Thông Tin'!$D$10="Nâng cao (🟢+🟡+⚪)")),AND(C59="⚪ Tùy chọn",'📋 Thông Tin'!$D$10="Nâng cao (🟢+🟡+⚪)"))),"✓ Có","✗ Không") -> ✗ Không | E59: =IF(D59="✓ Có",VLOOKUP(B59,'Hệ Số'!B:C,2,FALSE),0) -> 0 | F59: ScrollTrigger, reveal, parallax
A60: 49 | B60: Smooth scroll (Lenis) | C60: ⚪ Tùy chọn | D60: =IF(AND('📋 Thông Tin'!$B$10="Booking",OR(C60="🟢 Bắt buộc",AND(C60="🟡 Nên có",OR('📋 Thông Tin'!$D$10="Phổ thông (🟢+🟡)",'📋 Thông Tin'!$D$10="Nâng cao (🟢+🟡+⚪)")),AND(C60="⚪ Tùy chọn",'📋 Thông Tin'!$D$10="Nâng cao (🟢+🟡+⚪)"))),"✓ Có","✗ Không") -> ✗ Không | E60: =IF(D60="✓ Có",VLOOKUP(B60,'Hệ Số'!B:C,2,FALSE),0) -> 0
A61: 50 | B61: Page transitions | C61: ⚪ Tùy chọn | D61: =IF(AND('📋 Thông Tin'!$B$10="Booking",OR(C61="🟢 Bắt buộc",AND(C61="🟡 Nên có",OR('📋 Thông Tin'!$D$10="Phổ thông (🟢+🟡)",'📋 Thông Tin'!$D$10="Nâng cao (🟢+🟡+⚪)")),AND(C61="⚪ Tùy chọn",'📋 Thông Tin'!$D$10="Nâng cao (🟢+🟡+⚪)"))),"✓ Có","✗ Không") -> ✗ Không | E61: =IF(D61="✓ Có",VLOOKUP(B61,'Hệ Số'!B:C,2,FALSE),0) -> 0 | F61: Framer Motion
A62: 51 | B62: Micro-interactions | C62: ⚪ Tùy chọn | D62: =IF(AND('📋 Thông Tin'!$B$10="Booking",OR(C62="🟢 Bắt buộc",AND(C62="🟡 Nên có",OR('📋 Thông Tin'!$D$10="Phổ thông (🟢+🟡)",'📋 Thông Tin'!$D$10="Nâng cao (🟢+🟡+⚪)")),AND(C62="⚪ Tùy chọn",'📋 Thông Tin'!$D$10="Nâng cao (🟢+🟡+⚪)"))),"✓ Có","✗ Không") -> ✗ Không | E62: =IF(D62="✓ Có",VLOOKUP(B62,'Hệ Số'!B:C,2,FALSE),0) -> 0 | F62: Hover tilt, magnetic cursor
A63: 52 | B63: 3D elements (Three.js) | C63: ⚪ Tùy chọn | D63: =IF(AND('📋 Thông Tin'!$B$10="Booking",OR(C63="🟢 Bắt buộc",AND(C63="🟡 Nên có",OR('📋 Thông Tin'!$D$10="Phổ thông (🟢+🟡)",'📋 Thông Tin'!$D$10="Nâng cao (🟢+🟡+⚪)")),AND(C63="⚪ Tùy chọn",'📋 Thông Tin'!$D$10="Nâng cao (🟢+🟡+⚪)"))),"✓ Có","✗ Không") -> ✗ Không | E63: =IF(D63="✓ Có",VLOOKUP(B63,'Hệ Số'!B:C,2,FALSE),0) -> 0 | F63: Product viewer, 3D hero
A64: 53 | B64: Parallax effects | C64: ⚪ Tùy chọn | D64: =IF(AND('📋 Thông Tin'!$B$10="Booking",OR(C64="🟢 Bắt buộc",AND(C64="🟡 Nên có",OR('📋 Thông Tin'!$D$10="Phổ thông (🟢+🟡)",'📋 Thông Tin'!$D$10="Nâng cao (🟢+🟡+⚪)")),AND(C64="⚪ Tùy chọn",'📋 Thông Tin'!$D$10="Nâng cao (🟢+🟡+⚪)"))),"✓ Có","✗ Không") -> ✗ Không | E64: =IF(D64="✓ Có",VLOOKUP(B64,'Hệ Số'!B:C,2,FALSE),0) -> 0
A65: 54 | B65: Card/section animations | C65: ⚪ Tùy chọn | D65: =IF(AND('📋 Thông Tin'!$B$10="Booking",OR(C65="🟢 Bắt buộc",AND(C65="🟡 Nên có",OR('📋 Thông Tin'!$D$10="Phổ thông (🟢+🟡)",'📋 Thông Tin'!$D$10="Nâng cao (🟢+🟡+⚪)")),AND(C65="⚪ Tùy chọn",'📋 Thông Tin'!$D$10="Nâng cao (🟢+🟡+⚪)"))),"✓ Có","✗ Không") -> ✗ Không | E65: =IF(D65="✓ Có",VLOOKUP(B65,'Hệ Số'!B:C,2,FALSE),0) -> 0 | F65: Fade-in, stagger khi scroll
A66: 55 | B66: Glassmorphism + blur | C66: ⚪ Tùy chọn | D66: =IF(AND('📋 Thông Tin'!$B$10="Booking",OR(C66="🟢 Bắt buộc",AND(C66="🟡 Nên có",OR('📋 Thông Tin'!$D$10="Phổ thông (🟢+🟡)",'📋 Thông Tin'!$D$10="Nâng cao (🟢+🟡+⚪)")),AND(C66="⚪ Tùy chọn",'📋 Thông Tin'!$D$10="Nâng cao (🟢+🟡+⚪)"))),"✓ Có","✗ Không") -> ✗ Không | E66: =IF(D66="✓ Có",VLOOKUP(B66,'Hệ Số'!B:C,2,FALSE),0) -> 0
A67: 56 | B67: Dark mode toggle | C67: ⚪ Tùy chọn | D67: =IF(AND('📋 Thông Tin'!$B$10="Booking",OR(C67="🟢 Bắt buộc",AND(C67="🟡 Nên có",OR('📋 Thông Tin'!$D$10="Phổ thông (🟢+🟡)",'📋 Thông Tin'!$D$10="Nâng cao (🟢+🟡+⚪)")),AND(C67="⚪ Tùy chọn",'📋 Thông Tin'!$D$10="Nâng cao (🟢+🟡+⚪)"))),"✓ Có","✗ Không") -> ✗ Không | E67: =IF(D67="✓ Có",VLOOKUP(B67,'Hệ Số'!B:C,2,FALSE),0) -> 0
A68: 57 | B68: Custom cursor | C68: ⚪ Tùy chọn | D68: =IF(AND('📋 Thông Tin'!$B$10="Booking",OR(C68="🟢 Bắt buộc",AND(C68="🟡 Nên có",OR('📋 Thông Tin'!$D$10="Phổ thông (🟢+🟡)",'📋 Thông Tin'!$D$10="Nâng cao (🟢+🟡+⚪)")),AND(C68="⚪ Tùy chọn",'📋 Thông Tin'!$D$10="Nâng cao (🟢+🟡+⚪)"))),"✓ Có","✗ Không") -> ✗ Không | E68: =IF(D68="✓ Có",VLOOKUP(B68,'Hệ Số'!B:C,2,FALSE),0) -> 0
A69: ✨ NÂNG CAO
A70: 58 | B70: Live Chat (Tawk.to, Crisp) | C70: ⚪ Tùy chọn | D70: =IF(AND('📋 Thông Tin'!$B$10="Booking",OR(C70="🟢 Bắt buộc",AND(C70="🟡 Nên có",OR('📋 Thông Tin'!$D$10="Phổ thông (🟢+🟡)",'📋 Thông Tin'!$D$10="Nâng cao (🟢+🟡+⚪)")),AND(C70="⚪ Tùy chọn",'📋 Thông Tin'!$D$10="Nâng cao (🟢+🟡+⚪)"))),"✓ Có","✗ Không") -> ✗ Không | E70: =IF(D70="✓ Có",VLOOKUP(B70,'Hệ Số'!B:C,2,FALSE),0) -> 0 | F70: Embed widget
A71: 59 | B71: AI Chatbot | C71: ⚪ Tùy chọn | D71: =IF(AND('📋 Thông Tin'!$B$10="Booking",OR(C71="🟢 Bắt buộc",AND(C71="🟡 Nên có",OR('📋 Thông Tin'!$D$10="Phổ thông (🟢+🟡)",'📋 Thông Tin'!$D$10="Nâng cao (🟢+🟡+⚪)")),AND(C71="⚪ Tùy chọn",'📋 Thông Tin'!$D$10="Nâng cao (🟢+🟡+⚪)"))),"✓ Có","✗ Không") -> ✗ Không | E71: =IF(D71="✓ Có",VLOOKUP(B71,'Hệ Số'!B:C,2,FALSE),0) -> 0
A72: 60 | B72: Multi-step Form (Wizard) | C72: ⚪ Tùy chọn | D72: =IF(AND('📋 Thông Tin'!$B$10="Booking",OR(C72="🟢 Bắt buộc",AND(C72="🟡 Nên có",OR('📋 Thông Tin'!$D$10="Phổ thông (🟢+🟡)",'📋 Thông Tin'!$D$10="Nâng cao (🟢+🟡+⚪)")),AND(C72="⚪ Tùy chọn",'📋 Thông Tin'!$D$10="Nâng cao (🟢+🟡+⚪)"))),"✓ Có","✗ Không") -> ✗ Không | E72: =IF(D72="✓ Có",VLOOKUP(B72,'Hệ Số'!B:C,2,FALSE),0) -> 0
A73: 61 | B73: Form đặt hàng / Enquiry nâng cao | C73: 🟡 Nên có | D73: =IF(AND('📋 Thông Tin'!$B$10="Booking",OR(C73="🟢 Bắt buộc",AND(C73="🟡 Nên có",OR('📋 Thông Tin'!$D$10="Phổ thông (🟢+🟡)",'📋 Thông Tin'!$D$10="Nâng cao (🟢+🟡+⚪)")),AND(C73="⚪ Tùy chọn",'📋 Thông Tin'!$D$10="Nâng cao (🟢+🟡+⚪)"))),"✓ Có","✗ Không") -> ✗ Không | E73: =IF(D73="✓ Có",VLOOKUP(B73,'Hệ Số'!B:C,2,FALSE),0) -> 0
A76: 💰 TỔNG KẾT TỰ ĐỘNG
A77: 📊 Tổng hệ số (features đã chọn) | E77: =SUM(E5:E73) -> 0
A78: × Hệ số × 1.5 | E78: =E77*1.5 -> 0
A79: 📅 Số ngày (làm tròn lên) | E79: =CEILING(E78/8,1) -> 0
A80: 💰 GIÁ DỰ KIẾN | E80: =E79*1000000 -> 0
A82: 💳 Đặt cọc (40%) | E82: =E80*0.4 -> 0
A83: 💳 Thanh toán nghiệm thu (60%) | E83: =E80*0.6 -> 0
A85: 💡 Chọn Loại website + Gói ở sheet "📋 Thông Tin" → Có/Không tự động theo gói. Có thể ghi đè thủ công.

Sheet Blog - Tạp Chí
A1: 📋 BLOG - TẠP CHÍ — BẢNG TÍNH NĂNG
A3: STT | B3: Tính năng | C3: Mức độ | D3: Có / Không | E3: Hệ số | F3: Ghi chú
A4: ⚙️ CORE (Trang cơ bản)
A5: 1 | B5: Homepage (hero + sections + CTA) | C5: 🟢 Bắt buộc | D5: =IF(AND('📋 Thông Tin'!$B$10="Blog - Tạp Chí",OR(C5="🟢 Bắt buộc",AND(C5="🟡 Nên có",OR('📋 Thông Tin'!$D$10="Phổ thông (🟢+🟡)",'📋 Thông Tin'!$D$10="Nâng cao (🟢+🟡+⚪)")),AND(C5="⚪ Tùy chọn",'📋 Thông Tin'!$D$10="Nâng cao (🟢+🟡+⚪)"))),"✓ Có","✗ Không") -> ✗ Không | E5: =IF(D5="✓ Có",VLOOKUP(B5,'Hệ Số'!B:C,2,FALSE),0) -> 0
A6: 2 | B6: About Page | C6: 🟡 Nên có | D6: =IF(AND('📋 Thông Tin'!$B$10="Blog - Tạp Chí",OR(C6="🟢 Bắt buộc",AND(C6="🟡 Nên có",OR('📋 Thông Tin'!$D$10="Phổ thông (🟢+🟡)",'📋 Thông Tin'!$D$10="Nâng cao (🟢+🟡+⚪)")),AND(C6="⚪ Tùy chọn",'📋 Thông Tin'!$D$10="Nâng cao (🟢+🟡+⚪)"))),"✓ Có","✗ Không") -> ✗ Không | E6: =IF(D6="✓ Có",VLOOKUP(B6,'Hệ Số'!B:C,2,FALSE),0) -> 0
A7: 3 | B7: Contact Page (form + map + info) | C7: ⚪ Tùy chọn | D7: =IF(AND('📋 Thông Tin'!$B$10="Blog - Tạp Chí",OR(C7="🟢 Bắt buộc",AND(C7="🟡 Nên có",OR('📋 Thông Tin'!$D$10="Phổ thông (🟢+🟡)",'📋 Thông Tin'!$D$10="Nâng cao (🟢+🟡+⚪)")),AND(C7="⚪ Tùy chọn",'📋 Thông Tin'!$D$10="Nâng cao (🟢+🟡+⚪)"))),"✓ Có","✗ Không") -> ✗ Không | E7: =IF(D7="✓ Có",VLOOKUP(B7,'Hệ Số'!B:C,2,FALSE),0) -> 0
A8: 4 | B8: 404 Page | C8: 🟢 Bắt buộc | D8: =IF(AND('📋 Thông Tin'!$B$10="Blog - Tạp Chí",OR(C8="🟢 Bắt buộc",AND(C8="🟡 Nên có",OR('📋 Thông Tin'!$D$10="Phổ thông (🟢+🟡)",'📋 Thông Tin'!$D$10="Nâng cao (🟢+🟡+⚪)")),AND(C8="⚪ Tùy chọn",'📋 Thông Tin'!$D$10="Nâng cao (🟢+🟡+⚪)"))),"✓ Có","✗ Không") -> ✗ Không | E8: =IF(D8="✓ Có",VLOOKUP(B8,'Hệ Số'!B:C,2,FALSE),0) -> 0
A9: 5 | B9: Footer + Header | C9: 🟢 Bắt buộc | D9: =IF(AND('📋 Thông Tin'!$B$10="Blog - Tạp Chí",OR(C9="🟢 Bắt buộc",AND(C9="🟡 Nên có",OR('📋 Thông Tin'!$D$10="Phổ thông (🟢+🟡)",'📋 Thông Tin'!$D$10="Nâng cao (🟢+🟡+⚪)")),AND(C9="⚪ Tùy chọn",'📋 Thông Tin'!$D$10="Nâng cao (🟢+🟡+⚪)"))),"✓ Có","✗ Không") -> ✗ Không | E9: =IF(D9="✓ Có",VLOOKUP(B9,'Hệ Số'!B:C,2,FALSE),0) -> 0 | F9: Responsive nav, logo
A10: 6 | B10: Form liên hệ (gửi email) | C10: ⚪ Tùy chọn | D10: =IF(AND('📋 Thông Tin'!$B$10="Blog - Tạp Chí",OR(C10="🟢 Bắt buộc",AND(C10="🟡 Nên có",OR('📋 Thông Tin'!$D$10="Phổ thông (🟢+🟡)",'📋 Thông Tin'!$D$10="Nâng cao (🟢+🟡+⚪)")),AND(C10="⚪ Tùy chọn",'📋 Thông Tin'!$D$10="Nâng cao (🟢+🟡+⚪)"))),"✓ Có","✗ Không") -> ✗ Không | E10: =IF(D10="✓ Có",VLOOKUP(B10,'Hệ Số'!B:C,2,FALSE),0) -> 0
A11: 7 | B11: FAB (Floating Action Button) | C11: ⚪ Tùy chọn | D11: =IF(AND('📋 Thông Tin'!$B$10="Blog - Tạp Chí",OR(C11="🟢 Bắt buộc",AND(C11="🟡 Nên có",OR('📋 Thông Tin'!$D$10="Phổ thông (🟢+🟡)",'📋 Thông Tin'!$D$10="Nâng cao (🟢+🟡+⚪)")),AND(C11="⚪ Tùy chọn",'📋 Thông Tin'!$D$10="Nâng cao (🟢+🟡+⚪)"))),"✓ Có","✗ Không") -> ✗ Không | E11: =IF(D11="✓ Có",VLOOKUP(B11,'Hệ Số'!B:C,2,FALSE),0) -> 0 | F11: Nút nổi: gọi/Zalo/Messenger
A12: 8 | B12: Nút gọi điện / Zalo / Messenger | C12: ⚪ Tùy chọn | D12: =IF(AND('📋 Thông Tin'!$B$10="Blog - Tạp Chí",OR(C12="🟢 Bắt buộc",AND(C12="🟡 Nên có",OR('📋 Thông Tin'!$D$10="Phổ thông (🟢+🟡)",'📋 Thông Tin'!$D$10="Nâng cao (🟢+🟡+⚪)")),AND(C12="⚪ Tùy chọn",'📋 Thông Tin'!$D$10="Nâng cao (🟢+🟡+⚪)"))),"✓ Có","✗ Không") -> ✗ Không | E12: =IF(D12="✓ Có",VLOOKUP(B12,'Hệ Số'!B:C,2,FALSE),0) -> 0 | F12: Nếu không dùng FAB
A13: 📝 NỘI DUNG
A14: 9 | B14: Portfolio/Gallery Grid | C14: ⚪ Tùy chọn | D14: =IF(AND('📋 Thông Tin'!$B$10="Blog - Tạp Chí",OR(C14="🟢 Bắt buộc",AND(C14="🟡 Nên có",OR('📋 Thông Tin'!$D$10="Phổ thông (🟢+🟡)",'📋 Thông Tin'!$D$10="Nâng cao (🟢+🟡+⚪)")),AND(C14="⚪ Tùy chọn",'📋 Thông Tin'!$D$10="Nâng cao (🟢+🟡+⚪)"))),"✓ Có","✗ Không") -> ✗ Không | E14: =IF(D14="✓ Có",VLOOKUP(B14,'Hệ Số'!B:C,2,FALSE),0) -> 0 | F14: Lưới dự án/album ảnh
A15: 10 | B15: Portfolio Detail | C15: ⚪ Tùy chọn | D15: =IF(AND('📋 Thông Tin'!$B$10="Blog - Tạp Chí",OR(C15="🟢 Bắt buộc",AND(C15="🟡 Nên có",OR('📋 Thông Tin'!$D$10="Phổ thông (🟢+🟡)",'📋 Thông Tin'!$D$10="Nâng cao (🟢+🟡+⚪)")),AND(C15="⚪ Tùy chọn",'📋 Thông Tin'!$D$10="Nâng cao (🟢+🟡+⚪)"))),"✓ Có","✗ Không") -> ✗ Không | E15: =IF(D15="✓ Có",VLOOKUP(B15,'Hệ Số'!B:C,2,FALSE),0) -> 0 | F15: Chi tiết dự án
A16: 11 | B16: Blog List + Detail | C16: 🟢 Bắt buộc | D16: =IF(AND('📋 Thông Tin'!$B$10="Blog - Tạp Chí",OR(C16="🟢 Bắt buộc",AND(C16="🟡 Nên có",OR('📋 Thông Tin'!$D$10="Phổ thông (🟢+🟡)",'📋 Thông Tin'!$D$10="Nâng cao (🟢+🟡+⚪)")),AND(C16="⚪ Tùy chọn",'📋 Thông Tin'!$D$10="Nâng cao (🟢+🟡+⚪)"))),"✓ Có","✗ Không") -> ✗ Không | E16: =IF(D16="✓ Có",VLOOKUP(B16,'Hệ Số'!B:C,2,FALSE),0) -> 0 | F16: Bài viết + phân loại + tag
A17: 12 | B17: FAQ Page | C17: ⚪ Tùy chọn | D17: =IF(AND('📋 Thông Tin'!$B$10="Blog - Tạp Chí",OR(C17="🟢 Bắt buộc",AND(C17="🟡 Nên có",OR('📋 Thông Tin'!$D$10="Phổ thông (🟢+🟡)",'📋 Thông Tin'!$D$10="Nâng cao (🟢+🟡+⚪)")),AND(C17="⚪ Tùy chọn",'📋 Thông Tin'!$D$10="Nâng cao (🟢+🟡+⚪)"))),"✓ Có","✗ Không") -> ✗ Không | E17: =IF(D17="✓ Có",VLOOKUP(B17,'Hệ Số'!B:C,2,FALSE),0) -> 0 | F17: Accordion Q&A
A18: 13 | B18: Testimonials Section | C18: ⚪ Tùy chọn | D18: =IF(AND('📋 Thông Tin'!$B$10="Blog - Tạp Chí",OR(C18="🟢 Bắt buộc",AND(C18="🟡 Nên có",OR('📋 Thông Tin'!$D$10="Phổ thông (🟢+🟡)",'📋 Thông Tin'!$D$10="Nâng cao (🟢+🟡+⚪)")),AND(C18="⚪ Tùy chọn",'📋 Thông Tin'!$D$10="Nâng cao (🟢+🟡+⚪)"))),"✓ Có","✗ Không") -> ✗ Không | E18: =IF(D18="✓ Có",VLOOKUP(B18,'Hệ Số'!B:C,2,FALSE),0) -> 0 | F18: Đánh giá khách hàng
A19: 14 | B19: Video nhúng (YouTube, Vimeo) | C19: ⚪ Tùy chọn | D19: =IF(AND('📋 Thông Tin'!$B$10="Blog - Tạp Chí",OR(C19="🟢 Bắt buộc",AND(C19="🟡 Nên có",OR('📋 Thông Tin'!$D$10="Phổ thông (🟢+🟡)",'📋 Thông Tin'!$D$10="Nâng cao (🟢+🟡+⚪)")),AND(C19="⚪ Tùy chọn",'📋 Thông Tin'!$D$10="Nâng cao (🟢+🟡+⚪)"))),"✓ Có","✗ Không") -> ✗ Không | E19: =IF(D19="✓ Có",VLOOKUP(B19,'Hệ Số'!B:C,2,FALSE),0) -> 0
A20: 15 | B20: Banner / Slider quản lý | C20: ⚪ Tùy chọn | D20: =IF(AND('📋 Thông Tin'!$B$10="Blog - Tạp Chí",OR(C20="🟢 Bắt buộc",AND(C20="🟡 Nên có",OR('📋 Thông Tin'!$D$10="Phổ thông (🟢+🟡)",'📋 Thông Tin'!$D$10="Nâng cao (🟢+🟡+⚪)")),AND(C20="⚪ Tùy chọn",'📋 Thông Tin'!$D$10="Nâng cao (🟢+🟡+⚪)"))),"✓ Có","✗ Không") -> ✗ Không | E20: =IF(D20="✓ Có",VLOOKUP(B20,'Hệ Số'!B:C,2,FALSE),0) -> 0 | F20: Admin quản lý banner
A21: 16 | B21: Đánh giá / Review sản phẩm | C21: ⚪ Tùy chọn | D21: =IF(AND('📋 Thông Tin'!$B$10="Blog - Tạp Chí",OR(C21="🟢 Bắt buộc",AND(C21="🟡 Nên có",OR('📋 Thông Tin'!$D$10="Phổ thông (🟢+🟡)",'📋 Thông Tin'!$D$10="Nâng cao (🟢+🟡+⚪)")),AND(C21="⚪ Tùy chọn",'📋 Thông Tin'!$D$10="Nâng cao (🟢+🟡+⚪)"))),"✓ Có","✗ Không") -> ✗ Không | E21: =IF(D21="✓ Có",VLOOKUP(B21,'Hệ Số'!B:C,2,FALSE),0) -> 0 | F21: Rating + comment
A22: 📊 ADMIN & QUẢN TRỊ
A23: 17 | B23: Dashboard Admin (CRUD cơ bản) | C23: ⚪ Tùy chọn | D23: =IF(AND('📋 Thông Tin'!$B$10="Blog - Tạp Chí",OR(C23="🟢 Bắt buộc",AND(C23="🟡 Nên có",OR('📋 Thông Tin'!$D$10="Phổ thông (🟢+🟡)",'📋 Thông Tin'!$D$10="Nâng cao (🟢+🟡+⚪)")),AND(C23="⚪ Tùy chọn",'📋 Thông Tin'!$D$10="Nâng cao (🟢+🟡+⚪)"))),"✓ Có","✗ Không") -> ✗ Không | E23: =IF(D23="✓ Có",VLOOKUP(B23,'Hệ Số'!B:C,2,FALSE),0) -> 0 | F23: Quản lý dữ liệu
A24: 18 | B24: Site Config Editor | C24: ⚪ Tùy chọn | D24: =IF(AND('📋 Thông Tin'!$B$10="Blog - Tạp Chí",OR(C24="🟢 Bắt buộc",AND(C24="🟡 Nên có",OR('📋 Thông Tin'!$D$10="Phổ thông (🟢+🟡)",'📋 Thông Tin'!$D$10="Nâng cao (🟢+🟡+⚪)")),AND(C24="⚪ Tùy chọn",'📋 Thông Tin'!$D$10="Nâng cao (🟢+🟡+⚪)"))),"✓ Có","✗ Không") -> ✗ Không | E24: =IF(D24="✓ Có",VLOOKUP(B24,'Hệ Số'!B:C,2,FALSE),0) -> 0 | F24: Cài đặt hệ thống
A25: 19 | B25: User Management | C25: ⚪ Tùy chọn | D25: =IF(AND('📋 Thông Tin'!$B$10="Blog - Tạp Chí",OR(C25="🟢 Bắt buộc",AND(C25="🟡 Nên có",OR('📋 Thông Tin'!$D$10="Phổ thông (🟢+🟡)",'📋 Thông Tin'!$D$10="Nâng cao (🟢+🟡+⚪)")),AND(C25="⚪ Tùy chọn",'📋 Thông Tin'!$D$10="Nâng cao (🟢+🟡+⚪)"))),"✓ Có","✗ Không") -> ✗ Không | E25: =IF(D25="✓ Có",VLOOKUP(B25,'Hệ Số'!B:C,2,FALSE),0) -> 0 | F25: Quản lý tài khoản
A26: 🔐 TÀI KHOẢN & BẢO MẬT
A27: 20 | B27: Login/Register (Firebase Auth) | C27: ⚪ Tùy chọn | D27: =IF(AND('📋 Thông Tin'!$B$10="Blog - Tạp Chí",OR(C27="🟢 Bắt buộc",AND(C27="🟡 Nên có",OR('📋 Thông Tin'!$D$10="Phổ thông (🟢+🟡)",'📋 Thông Tin'!$D$10="Nâng cao (🟢+🟡+⚪)")),AND(C27="⚪ Tùy chọn",'📋 Thông Tin'!$D$10="Nâng cao (🟢+🟡+⚪)"))),"✓ Có","✗ Không") -> ✗ Không | E27: =IF(D27="✓ Có",VLOOKUP(B27,'Hệ Số'!B:C,2,FALSE),0) -> 0
A28: 21 | B28: Social Login (Google/Facebook) | C28: ⚪ Tùy chọn | D28: =IF(AND('📋 Thông Tin'!$B$10="Blog - Tạp Chí",OR(C28="🟢 Bắt buộc",AND(C28="🟡 Nên có",OR('📋 Thông Tin'!$D$10="Phổ thông (🟢+🟡)",'📋 Thông Tin'!$D$10="Nâng cao (🟢+🟡+⚪)")),AND(C28="⚪ Tùy chọn",'📋 Thông Tin'!$D$10="Nâng cao (🟢+🟡+⚪)"))),"✓ Có","✗ Không") -> ✗ Không | E28: =IF(D28="✓ Có",VLOOKUP(B28,'Hệ Số'!B:C,2,FALSE),0) -> 0 | F28: OAuth2
A29: 22 | B29: Role-based Access | C29: ⚪ Tùy chọn | D29: =IF(AND('📋 Thông Tin'!$B$10="Blog - Tạp Chí",OR(C29="🟢 Bắt buộc",AND(C29="🟡 Nên có",OR('📋 Thông Tin'!$D$10="Phổ thông (🟢+🟡)",'📋 Thông Tin'!$D$10="Nâng cao (🟢+🟡+⚪)")),AND(C29="⚪ Tùy chọn",'📋 Thông Tin'!$D$10="Nâng cao (🟢+🟡+⚪)"))),"✓ Có","✗ Không") -> ✗ Không | E29: =IF(D29="✓ Có",VLOOKUP(B29,'Hệ Số'!B:C,2,FALSE),0) -> 0 | F29: Phân quyền Admin/User/Staff
A30: 🔔 THÔNG BÁO
A31: 23 | B31: Email notification | C31: ⚪ Tùy chọn | D31: =IF(AND('📋 Thông Tin'!$B$10="Blog - Tạp Chí",OR(C31="🟢 Bắt buộc",AND(C31="🟡 Nên có",OR('📋 Thông Tin'!$D$10="Phổ thông (🟢+🟡)",'📋 Thông Tin'!$D$10="Nâng cao (🟢+🟡+⚪)")),AND(C31="⚪ Tùy chọn",'📋 Thông Tin'!$D$10="Nâng cao (🟢+🟡+⚪)"))),"✓ Có","✗ Không") -> ✗ Không | E31: =IF(D31="✓ Có",VLOOKUP(B31,'Hệ Số'!B:C,2,FALSE),0) -> 0 | F31: SendGrid
A32: 24 | B32: Admin dashboard notification | C32: ⚪ Tùy chọn | D32: =IF(AND('📋 Thông Tin'!$B$10="Blog - Tạp Chí",OR(C32="🟢 Bắt buộc",AND(C32="🟡 Nên có",OR('📋 Thông Tin'!$D$10="Phổ thông (🟢+🟡)",'📋 Thông Tin'!$D$10="Nâng cao (🟢+🟡+⚪)")),AND(C32="⚪ Tùy chọn",'📋 Thông Tin'!$D$10="Nâng cao (🟢+🟡+⚪)"))),"✓ Có","✗ Không") -> ✗ Không | E32: =IF(D32="✓ Có",VLOOKUP(B32,'Hệ Số'!B:C,2,FALSE),0) -> 0 | F32: Chuông thông báo
A33: 25 | B33: FCM Push Notification | C33: ⚪ Tùy chọn | D33: =IF(AND('📋 Thông Tin'!$B$10="Blog - Tạp Chí",OR(C33="🟢 Bắt buộc",AND(C33="🟡 Nên có",OR('📋 Thông Tin'!$D$10="Phổ thông (🟢+🟡)",'📋 Thông Tin'!$D$10="Nâng cao (🟢+🟡+⚪)")),AND(C33="⚪ Tùy chọn",'📋 Thông Tin'!$D$10="Nâng cao (🟢+🟡+⚪)"))),"✓ Có","✗ Không") -> ✗ Không | E33: =IF(D33="✓ Có",VLOOKUP(B33,'Hệ Số'!B:C,2,FALSE),0) -> 0 | F33: Push trình duyệt
A34: 🔧 KỸ THUẬT
A35: 26 | B35: Responsive (mobile + tablet) | C35: 🟢 Bắt buộc | D35: =IF(AND('📋 Thông Tin'!$B$10="Blog - Tạp Chí",OR(C35="🟢 Bắt buộc",AND(C35="🟡 Nên có",OR('📋 Thông Tin'!$D$10="Phổ thông (🟢+🟡)",'📋 Thông Tin'!$D$10="Nâng cao (🟢+🟡+⚪)")),AND(C35="⚪ Tùy chọn",'📋 Thông Tin'!$D$10="Nâng cao (🟢+🟡+⚪)"))),"✓ Có","✗ Không") -> ✗ Không | E35: =IF(D35="✓ Có",VLOOKUP(B35,'Hệ Số'!B:C,2,FALSE),0) -> 0
A36: 27 | B36: SEO cơ bản (meta, sitemap, robots) | C36: 🟢 Bắt buộc | D36: =IF(AND('📋 Thông Tin'!$B$10="Blog - Tạp Chí",OR(C36="🟢 Bắt buộc",AND(C36="🟡 Nên có",OR('📋 Thông Tin'!$D$10="Phổ thông (🟢+🟡)",'📋 Thông Tin'!$D$10="Nâng cao (🟢+🟡+⚪)")),AND(C36="⚪ Tùy chọn",'📋 Thông Tin'!$D$10="Nâng cao (🟢+🟡+⚪)"))),"✓ Có","✗ Không") -> ✗ Không | E36: =IF(D36="✓ Có",VLOOKUP(B36,'Hệ Số'!B:C,2,FALSE),0) -> 0
A37: 28 | B37: SEO nâng cao (schema markup) | C37: 🟡 Nên có | D37: =IF(AND('📋 Thông Tin'!$B$10="Blog - Tạp Chí",OR(C37="🟢 Bắt buộc",AND(C37="🟡 Nên có",OR('📋 Thông Tin'!$D$10="Phổ thông (🟢+🟡)",'📋 Thông Tin'!$D$10="Nâng cao (🟢+🟡+⚪)")),AND(C37="⚪ Tùy chọn",'📋 Thông Tin'!$D$10="Nâng cao (🟢+🟡+⚪)"))),"✓ Có","✗ Không") -> ✗ Không | E37: =IF(D37="✓ Có",VLOOKUP(B37,'Hệ Số'!B:C,2,FALSE),0) -> 0 | F37: Rich snippets
A38: 29 | B38: Open Graph (share Facebook đẹp) | C38: 🟡 Nên có | D38: =IF(AND('📋 Thông Tin'!$B$10="Blog - Tạp Chí",OR(C38="🟢 Bắt buộc",AND(C38="🟡 Nên có",OR('📋 Thông Tin'!$D$10="Phổ thông (🟢+🟡)",'📋 Thông Tin'!$D$10="Nâng cao (🟢+🟡+⚪)")),AND(C38="⚪ Tùy chọn",'📋 Thông Tin'!$D$10="Nâng cao (🟢+🟡+⚪)"))),"✓ Có","✗ Không") -> ✗ Không | E38: =IF(D38="✓ Có",VLOOKUP(B38,'Hệ Số'!B:C,2,FALSE),0) -> 0
A39: 30 | B39: Google Analytics / Tag Manager | C39: 🟡 Nên có | D39: =IF(AND('📋 Thông Tin'!$B$10="Blog - Tạp Chí",OR(C39="🟢 Bắt buộc",AND(C39="🟡 Nên có",OR('📋 Thông Tin'!$D$10="Phổ thông (🟢+🟡)",'📋 Thông Tin'!$D$10="Nâng cao (🟢+🟡+⚪)")),AND(C39="⚪ Tùy chọn",'📋 Thông Tin'!$D$10="Nâng cao (🟢+🟡+⚪)"))),"✓ Có","✗ Không") -> ✗ Không | E39: =IF(D39="✓ Có",VLOOKUP(B39,'Hệ Số'!B:C,2,FALSE),0) -> 0
A40: 31 | B40: Facebook Pixel | C40: ⚪ Tùy chọn | D40: =IF(AND('📋 Thông Tin'!$B$10="Blog - Tạp Chí",OR(C40="🟢 Bắt buộc",AND(C40="🟡 Nên có",OR('📋 Thông Tin'!$D$10="Phổ thông (🟢+🟡)",'📋 Thông Tin'!$D$10="Nâng cao (🟢+🟡+⚪)")),AND(C40="⚪ Tùy chọn",'📋 Thông Tin'!$D$10="Nâng cao (🟢+🟡+⚪)"))),"✓ Có","✗ Không") -> ✗ Không | E40: =IF(D40="✓ Có",VLOOKUP(B40,'Hệ Số'!B:C,2,FALSE),0) -> 0
A41: 32 | B41: SSL Certificate (HTTPS) | C41: 🟢 Bắt buộc | D41: =IF(AND('📋 Thông Tin'!$B$10="Blog - Tạp Chí",OR(C41="🟢 Bắt buộc",AND(C41="🟡 Nên có",OR('📋 Thông Tin'!$D$10="Phổ thông (🟢+🟡)",'📋 Thông Tin'!$D$10="Nâng cao (🟢+🟡+⚪)")),AND(C41="⚪ Tùy chọn",'📋 Thông Tin'!$D$10="Nâng cao (🟢+🟡+⚪)"))),"✓ Có","✗ Không") -> ✗ Không | E41: =IF(D41="✓ Có",VLOOKUP(B41,'Hệ Số'!B:C,2,FALSE),0) -> 0 | F41: Miễn phí (Cloudflare)
A42: 33 | B42: PWA (offline + install) | C42: ⚪ Tùy chọn | D42: =IF(AND('📋 Thông Tin'!$B$10="Blog - Tạp Chí",OR(C42="🟢 Bắt buộc",AND(C42="🟡 Nên có",OR('📋 Thông Tin'!$D$10="Phổ thông (🟢+🟡)",'📋 Thông Tin'!$D$10="Nâng cao (🟢+🟡+⚪)")),AND(C42="⚪ Tùy chọn",'📋 Thông Tin'!$D$10="Nâng cao (🟢+🟡+⚪)"))),"✓ Có","✗ Không") -> ✗ Không | E42: =IF(D42="✓ Có",VLOOKUP(B42,'Hệ Số'!B:C,2,FALSE),0) -> 0
A43: 34 | B43: Multi-language (i18n) | C43: ⚪ Tùy chọn | D43: =IF(AND('📋 Thông Tin'!$B$10="Blog - Tạp Chí",OR(C43="🟢 Bắt buộc",AND(C43="🟡 Nên có",OR('📋 Thông Tin'!$D$10="Phổ thông (🟢+🟡)",'📋 Thông Tin'!$D$10="Nâng cao (🟢+🟡+⚪)")),AND(C43="⚪ Tùy chọn",'📋 Thông Tin'!$D$10="Nâng cao (🟢+🟡+⚪)"))),"✓ Có","✗ Không") -> ✗ Không | E43: =IF(D43="✓ Có",VLOOKUP(B43,'Hệ Số'!B:C,2,FALSE),0) -> 0 | F43: VI / EN
A44: 35 | B44: Performance optimization | C44: 🟡 Nên có | D44: =IF(AND('📋 Thông Tin'!$B$10="Blog - Tạp Chí",OR(C44="🟢 Bắt buộc",AND(C44="🟡 Nên có",OR('📋 Thông Tin'!$D$10="Phổ thông (🟢+🟡)",'📋 Thông Tin'!$D$10="Nâng cao (🟢+🟡+⚪)")),AND(C44="⚪ Tùy chọn",'📋 Thông Tin'!$D$10="Nâng cao (🟢+🟡+⚪)"))),"✓ Có","✗ Không") -> ✗ Không | E44: =IF(D44="✓ Có",VLOOKUP(B44,'Hệ Số'!B:C,2,FALSE),0) -> 0 | F44: Lighthouse, lazy load
A45: 36 | B45: Schema Markup (Rich Snippets) | C45: 🟡 Nên có | D45: =IF(AND('📋 Thông Tin'!$B$10="Blog - Tạp Chí",OR(C45="🟢 Bắt buộc",AND(C45="🟡 Nên có",OR('📋 Thông Tin'!$D$10="Phổ thông (🟢+🟡)",'📋 Thông Tin'!$D$10="Nâng cao (🟢+🟡+⚪)")),AND(C45="⚪ Tùy chọn",'📋 Thông Tin'!$D$10="Nâng cao (🟢+🟡+⚪)"))),"✓ Có","✗ Không") -> ✗ Không | E45: =IF(D45="✓ Có",VLOOKUP(B45,'Hệ Số'!B:C,2,FALSE),0) -> 0
A46: 🎬 ĐỘ PHỨC TẠP THIẾT KẾ
A47: 37 | B47: GSAP scroll animations | C47: ⚪ Tùy chọn | D47: =IF(AND('📋 Thông Tin'!$B$10="Blog - Tạp Chí",OR(C47="🟢 Bắt buộc",AND(C47="🟡 Nên có",OR('📋 Thông Tin'!$D$10="Phổ thông (🟢+🟡)",'📋 Thông Tin'!$D$10="Nâng cao (🟢+🟡+⚪)")),AND(C47="⚪ Tùy chọn",'📋 Thông Tin'!$D$10="Nâng cao (🟢+🟡+⚪)"))),"✓ Có","✗ Không") -> ✗ Không | E47: =IF(D47="✓ Có",VLOOKUP(B47,'Hệ Số'!B:C,2,FALSE),0) -> 0 | F47: ScrollTrigger, reveal, parallax
A48: 38 | B48: Smooth scroll (Lenis) | C48: ⚪ Tùy chọn | D48: =IF(AND('📋 Thông Tin'!$B$10="Blog - Tạp Chí",OR(C48="🟢 Bắt buộc",AND(C48="🟡 Nên có",OR('📋 Thông Tin'!$D$10="Phổ thông (🟢+🟡)",'📋 Thông Tin'!$D$10="Nâng cao (🟢+🟡+⚪)")),AND(C48="⚪ Tùy chọn",'📋 Thông Tin'!$D$10="Nâng cao (🟢+🟡+⚪)"))),"✓ Có","✗ Không") -> ✗ Không | E48: =IF(D48="✓ Có",VLOOKUP(B48,'Hệ Số'!B:C,2,FALSE),0) -> 0
A49: 39 | B49: Page transitions | C49: ⚪ Tùy chọn | D49: =IF(AND('📋 Thông Tin'!$B$10="Blog - Tạp Chí",OR(C49="🟢 Bắt buộc",AND(C49="🟡 Nên có",OR('📋 Thông Tin'!$D$10="Phổ thông (🟢+🟡)",'📋 Thông Tin'!$D$10="Nâng cao (🟢+🟡+⚪)")),AND(C49="⚪ Tùy chọn",'📋 Thông Tin'!$D$10="Nâng cao (🟢+🟡+⚪)"))),"✓ Có","✗ Không") -> ✗ Không | E49: =IF(D49="✓ Có",VLOOKUP(B49,'Hệ Số'!B:C,2,FALSE),0) -> 0 | F49: Framer Motion
A50: 40 | B50: Micro-interactions | C50: ⚪ Tùy chọn | D50: =IF(AND('📋 Thông Tin'!$B$10="Blog - Tạp Chí",OR(C50="🟢 Bắt buộc",AND(C50="🟡 Nên có",OR('📋 Thông Tin'!$D$10="Phổ thông (🟢+🟡)",'📋 Thông Tin'!$D$10="Nâng cao (🟢+🟡+⚪)")),AND(C50="⚪ Tùy chọn",'📋 Thông Tin'!$D$10="Nâng cao (🟢+🟡+⚪)"))),"✓ Có","✗ Không") -> ✗ Không | E50: =IF(D50="✓ Có",VLOOKUP(B50,'Hệ Số'!B:C,2,FALSE),0) -> 0 | F50: Hover tilt, magnetic cursor
A51: 41 | B51: 3D elements (Three.js) | C51: ⚪ Tùy chọn | D51: =IF(AND('📋 Thông Tin'!$B$10="Blog - Tạp Chí",OR(C51="🟢 Bắt buộc",AND(C51="🟡 Nên có",OR('📋 Thông Tin'!$D$10="Phổ thông (🟢+🟡)",'📋 Thông Tin'!$D$10="Nâng cao (🟢+🟡+⚪)")),AND(C51="⚪ Tùy chọn",'📋 Thông Tin'!$D$10="Nâng cao (🟢+🟡+⚪)"))),"✓ Có","✗ Không") -> ✗ Không | E51: =IF(D51="✓ Có",VLOOKUP(B51,'Hệ Số'!B:C,2,FALSE),0) -> 0 | F51: Product viewer, 3D hero
A52: 42 | B52: Parallax effects | C52: ⚪ Tùy chọn | D52: =IF(AND('📋 Thông Tin'!$B$10="Blog - Tạp Chí",OR(C52="🟢 Bắt buộc",AND(C52="🟡 Nên có",OR('📋 Thông Tin'!$D$10="Phổ thông (🟢+🟡)",'📋 Thông Tin'!$D$10="Nâng cao (🟢+🟡+⚪)")),AND(C52="⚪ Tùy chọn",'📋 Thông Tin'!$D$10="Nâng cao (🟢+🟡+⚪)"))),"✓ Có","✗ Không") -> ✗ Không | E52: =IF(D52="✓ Có",VLOOKUP(B52,'Hệ Số'!B:C,2,FALSE),0) -> 0
A53: 43 | B53: Card/section animations | C53: ⚪ Tùy chọn | D53: =IF(AND('📋 Thông Tin'!$B$10="Blog - Tạp Chí",OR(C53="🟢 Bắt buộc",AND(C53="🟡 Nên có",OR('📋 Thông Tin'!$D$10="Phổ thông (🟢+🟡)",'📋 Thông Tin'!$D$10="Nâng cao (🟢+🟡+⚪)")),AND(C53="⚪ Tùy chọn",'📋 Thông Tin'!$D$10="Nâng cao (🟢+🟡+⚪)"))),"✓ Có","✗ Không") -> ✗ Không | E53: =IF(D53="✓ Có",VLOOKUP(B53,'Hệ Số'!B:C,2,FALSE),0) -> 0 | F53: Fade-in, stagger khi scroll
A54: 44 | B54: Glassmorphism + blur | C54: ⚪ Tùy chọn | D54: =IF(AND('📋 Thông Tin'!$B$10="Blog - Tạp Chí",OR(C54="🟢 Bắt buộc",AND(C54="🟡 Nên có",OR('📋 Thông Tin'!$D$10="Phổ thông (🟢+🟡)",'📋 Thông Tin'!$D$10="Nâng cao (🟢+🟡+⚪)")),AND(C54="⚪ Tùy chọn",'📋 Thông Tin'!$D$10="Nâng cao (🟢+🟡+⚪)"))),"✓ Có","✗ Không") -> ✗ Không | E54: =IF(D54="✓ Có",VLOOKUP(B54,'Hệ Số'!B:C,2,FALSE),0) -> 0
A55: 45 | B55: Dark mode toggle | C55: ⚪ Tùy chọn | D55: =IF(AND('📋 Thông Tin'!$B$10="Blog - Tạp Chí",OR(C55="🟢 Bắt buộc",AND(C55="🟡 Nên có",OR('📋 Thông Tin'!$D$10="Phổ thông (🟢+🟡)",'📋 Thông Tin'!$D$10="Nâng cao (🟢+🟡+⚪)")),AND(C55="⚪ Tùy chọn",'📋 Thông Tin'!$D$10="Nâng cao (🟢+🟡+⚪)"))),"✓ Có","✗ Không") -> ✗ Không | E55: =IF(D55="✓ Có",VLOOKUP(B55,'Hệ Số'!B:C,2,FALSE),0) -> 0
A56: 46 | B56: Custom cursor | C56: ⚪ Tùy chọn | D56: =IF(AND('📋 Thông Tin'!$B$10="Blog - Tạp Chí",OR(C56="🟢 Bắt buộc",AND(C56="🟡 Nên có",OR('📋 Thông Tin'!$D$10="Phổ thông (🟢+🟡)",'📋 Thông Tin'!$D$10="Nâng cao (🟢+🟡+⚪)")),AND(C56="⚪ Tùy chọn",'📋 Thông Tin'!$D$10="Nâng cao (🟢+🟡+⚪)"))),"✓ Có","✗ Không") -> ✗ Không | E56: =IF(D56="✓ Có",VLOOKUP(B56,'Hệ Số'!B:C,2,FALSE),0) -> 0
A57: ✨ NÂNG CAO
A58: 47 | B58: Live Chat (Tawk.to, Crisp) | C58: ⚪ Tùy chọn | D58: =IF(AND('📋 Thông Tin'!$B$10="Blog - Tạp Chí",OR(C58="🟢 Bắt buộc",AND(C58="🟡 Nên có",OR('📋 Thông Tin'!$D$10="Phổ thông (🟢+🟡)",'📋 Thông Tin'!$D$10="Nâng cao (🟢+🟡+⚪)")),AND(C58="⚪ Tùy chọn",'📋 Thông Tin'!$D$10="Nâng cao (🟢+🟡+⚪)"))),"✓ Có","✗ Không") -> ✗ Không | E58: =IF(D58="✓ Có",VLOOKUP(B58,'Hệ Số'!B:C,2,FALSE),0) -> 0 | F58: Embed widget
A59: 48 | B59: AI Chatbot | C59: ⚪ Tùy chọn | D59: =IF(AND('📋 Thông Tin'!$B$10="Blog - Tạp Chí",OR(C59="🟢 Bắt buộc",AND(C59="🟡 Nên có",OR('📋 Thông Tin'!$D$10="Phổ thông (🟢+🟡)",'📋 Thông Tin'!$D$10="Nâng cao (🟢+🟡+⚪)")),AND(C59="⚪ Tùy chọn",'📋 Thông Tin'!$D$10="Nâng cao (🟢+🟡+⚪)"))),"✓ Có","✗ Không") -> ✗ Không | E59: =IF(D59="✓ Có",VLOOKUP(B59,'Hệ Số'!B:C,2,FALSE),0) -> 0
A62: 💰 TỔNG KẾT TỰ ĐỘNG
A63: 📊 Tổng hệ số (features đã chọn) | E63: =SUM(E5:E59) -> 0
A64: × Hệ số × 1.5 | E64: =E63*1.5 -> 0
A65: 📅 Số ngày (làm tròn lên) | E65: =CEILING(E64/8,1) -> 0
A66: 💰 GIÁ DỰ KIẾN | E66: =E65*1000000 -> 0
A68: 💳 Đặt cọc (40%) | E68: =E66*0.4 -> 0
A69: 💳 Thanh toán nghiệm thu (60%) | E69: =E66*0.6 -> 0
A71: 💡 Chọn Loại website + Gói ở sheet "📋 Thông Tin" → Có/Không tự động theo gói. Có thể ghi đè thủ công.

Sheet Hệ Số
A1: 🔢 HỆ SỐ TÍNH NĂNG
A3: STT | B3: Tính năng | C3: Hệ số | D3: Ghi chú
A4: ⚙️ CORE (Trang cơ bản)
A5: 1 | B5: Homepage (hero + sections + CTA) | C5: 4
A6: 2 | B6: About Page | C6: 2
A7: 3 | B7: Contact Page (form + map + info) | C7: 2.5
A8: 4 | B8: 404 Page | C8: 0.5
A9: 5 | B9: Footer + Header | C9: 2 | D9: Responsive nav, logo
A10: 6 | B10: Form liên hệ (gửi email) | C10: 1.5
A11: 7 | B11: FAB (Floating Action Button) | C11: 1 | D11: Nút nổi: gọi/Zalo/Messenger
A12: 8 | B12: Google Maps nhúng | C12: 0.5
A13: 9 | B13: Nút gọi điện / Zalo / Messenger | C13: 0.5 | D13: Nếu không dùng FAB
A14: 📝 NỘI DUNG
A15: 10 | B15: Services/Products List | C15: 3 | D15: Danh sách dịch vụ/sản phẩm
A16: 11 | B16: Service/Product Detail | C16: 3 | D16: Trang chi tiết
A17: 12 | B17: Portfolio/Gallery Grid | C17: 3 | D17: Lưới dự án/album ảnh
A18: 13 | B18: Portfolio Detail | C18: 2 | D18: Chi tiết dự án
A19: 14 | B19: Blog List + Detail | C19: 6 | D19: Bài viết + phân loại + tag
A20: 15 | B20: FAQ Page | C20: 1.5 | D20: Accordion Q&A
A21: 16 | B21: Testimonials Section | C21: 1.5 | D21: Đánh giá khách hàng
A22: 17 | B22: Video nhúng (YouTube, Vimeo) | C22: 0.5
A23: 18 | B23: Banner / Slider quản lý | C23: 2 | D23: Admin quản lý banner
A24: 19 | B24: Đánh giá / Review sản phẩm | C24: 2 | D24: Rating + comment
A25: 🛒 BOOKING & THƯƠNG MẠI
A26: 20 | B26: Booking Form (đơn giản) | C26: 2 | D26: Form đặt lịch cơ bản
A27: 21 | B27: Booking System (calendar + slots) | C27: 6 | D27: Hệ thống đặt lịch đầy đủ
A28: 22 | B28: Shopping Cart | C28: 5 | D28: Giỏ hàng
A29: 23 | B29: Checkout + Payment (Stripe/VNPay) | C29: 8 | D29: Thanh toán online
A30: 24 | B30: Order Tracking | C30: 4 | D30: Theo dõi đơn hàng
A31: 25 | B31: Mã giảm giá / Voucher | C31: 3 | D31: Coupon system
A32: 📊 ADMIN & QUẢN TRỊ
A33: 26 | B33: Dashboard Admin (CRUD cơ bản) | C33: 8 | D33: Quản lý dữ liệu
A34: 27 | B34: Dashboard Full (CRUD + analytics) | C34: 15 | D34: Charts, KPIs, reports
A35: 28 | B35: Site Config Editor | C35: 3 | D35: Cài đặt hệ thống
A36: 29 | B36: User Management | C36: 4 | D36: Quản lý tài khoản
A37: 30 | B37: Xuất báo cáo (Excel, PDF) | C37: 3 | D37: Export reports
A38: 🔐 TÀI KHOẢN & BẢO MẬT
A39: 31 | B39: Login/Register (Firebase Auth) | C39: 3
A40: 32 | B40: Social Login (Google/Facebook) | C40: 1.5 | D40: OAuth2
A41: 33 | B41: Role-based Access | C41: 2 | D41: Phân quyền Admin/User/Staff
A42: 🔔 THÔNG BÁO
A43: 34 | B43: Email notification | C43: 1.5 | D43: SendGrid
A44: 35 | B44: Admin dashboard notification | C44: 3 | D44: Chuông thông báo
A45: 36 | B45: FCM Push Notification | C45: 5 | D45: Push trình duyệt
A46: 37 | B46: SMS Notification | C46: 2
A47: 38 | B47: In-app Notification | C47: 3 | D47: Thông báo trong app
A48: 🔧 KỸ THUẬT
A49: 39 | B49: Responsive (mobile + tablet) | C49: 1.5
A50: 40 | B50: SEO cơ bản (meta, sitemap, robots) | C50: 1
A51: 41 | B51: SEO nâng cao (schema markup) | C51: 1.5 | D51: Rich snippets
A52: 42 | B52: Open Graph (share Facebook đẹp) | C52: 0.5
A53: 43 | B53: Google Analytics / Tag Manager | C53: 0.5
A54: 44 | B54: Facebook Pixel | C54: 0.5
A55: 45 | B55: SSL Certificate (HTTPS) | C55: 0 | D55: Miễn phí (Cloudflare)
A56: 46 | B56: PWA (offline + install) | C56: 3
A57: 47 | B57: Multi-language (i18n) | C57: 4 | D57: VI / EN
A58: 48 | B58: Performance optimization | C58: 1 | D58: Lighthouse, lazy load
A59: 49 | B59: Schema Markup (Rich Snippets) | C59: 1
A60: 🎬 ĐỘ PHỨC TẠP THIẾT KẾ
A61: 50 | B61: GSAP scroll animations | C61: 4 | D61: ScrollTrigger, reveal, parallax
A62: 51 | B62: Smooth scroll (Lenis) | C62: 1.5
A63: 52 | B63: Page transitions | C63: 3 | D63: Framer Motion
A64: 53 | B64: Micro-interactions | C64: 3 | D64: Hover tilt, magnetic cursor
A65: 54 | B65: 3D elements (Three.js) | C65: 8 | D65: Product viewer, 3D hero
A66: 55 | B66: Parallax effects | C66: 2
A67: 56 | B67: Card/section animations | C67: 2 | D67: Fade-in, stagger khi scroll
A68: 57 | B68: Glassmorphism + blur | C68: 1
A69: 58 | B69: Dark mode toggle | C69: 2
A70: 59 | B70: Custom cursor | C70: 1.5
A71: ✨ NÂNG CAO
A72: 60 | B72: Live Chat (Tawk.to, Crisp) | C72: 0.5 | D72: Embed widget
A73: 61 | B73: AI Chatbot | C73: 6
A74: 62 | B74: Multi-step Form (Wizard) | C74: 3
A75: 63 | B75: Form đặt hàng / Enquiry nâng cao | C75: 2
